-- Competitions
INSERT INTO DRL_competition
VALUES (1, '90th Anniversary 6 Bell', 0, NULL);
INSERT INTO DRL_competition
VALUES (2, 'Alphington', 1, 96);
INSERT INTO DRL_competition
VALUES (3, 'Appledore 6 Bell', 1, 3);
INSERT INTO DRL_competition
VALUES (4, 'Appledore 8 Bell', 1, 3);
INSERT INTO DRL_competition
VALUES (5, 'Art Seymour', 0, NULL);
INSERT INTO DRL_competition
VALUES (6, 'Ashreigney', 1, 6);
INSERT INTO DRL_competition
VALUES (7, 'Atherington', 1, 8);
INSERT INTO DRL_competition
VALUES (8, 'Barnstaple Deanery', 0, NULL);
INSERT INTO DRL_competition
VALUES (9, 'Beaford', 1, 11);
INSERT INTO DRL_competition
VALUES (10, 'Belstone', 1, 12);
INSERT INTO DRL_competition
VALUES (11, 'Beric Bartlett', 0, NULL);
INSERT INTO DRL_competition
VALUES (12, 'Bickington', 1, 15);
INSERT INTO DRL_competition
VALUES (13, 'Bickleigh', 1, 16);
INSERT INTO DRL_competition
VALUES (14, 'Bideford', 1, 18);
INSERT INTO DRL_competition
VALUES (15, 'Bigbury', 1, 19);
INSERT INTO DRL_competition
VALUES (16, 'Bishops Nympton', 1, 20);
INSERT INTO DRL_competition
VALUES (17, 'Bishops Tawton', 1, 21);
INSERT INTO DRL_competition
VALUES (18, 'Bovey Tracey', 1, 25);
INSERT INTO DRL_competition
VALUES (19, 'Bow', 1, 26);
INSERT INTO DRL_competition
VALUES (20, 'Braunton', 1, 32);
INSERT INTO DRL_competition
VALUES (21, 'Bridestowe', 1, 33);
INSERT INTO DRL_competition
VALUES (22, 'Bridford', 1, 34);
INSERT INTO DRL_competition
VALUES (23, 'Broadhempston', 1, 38);
INSERT INTO DRL_competition
VALUES (24, 'Buckland in the Moor', 1, 43);
INSERT INTO DRL_competition
VALUES (25, 'Burrington', 1, 45);
INSERT INTO DRL_competition
VALUES (26, 'C Delve Shield', 0, NULL);
INSERT INTO DRL_competition
VALUES (27, 'C Ridge Shield', 0, NULL);
INSERT INTO DRL_competition
VALUES (28, 'Cadbury Deanery', 0, NULL);
INSERT INTO DRL_competition
VALUES (29, 'Chawleigh', 1, 49);
INSERT INTO DRL_competition
VALUES (30, 'Cheriton Fitzpaine', 1, 51);
INSERT INTO DRL_competition
VALUES (31, 'Chittlehampton 6 Bell', 1, 52);
INSERT INTO DRL_competition
VALUES (32, 'Chittlehampton 8 Bell', 1, 52);
INSERT INTO DRL_competition
VALUES (33, 'Chudleigh', 1, 55);
INSERT INTO DRL_competition
VALUES (34, 'Churston Ferrers', 1, 58);
INSERT INTO DRL_competition
VALUES (35, 'Coldridge', 1, 64);
INSERT INTO DRL_competition
VALUES (36, 'Colebrooke', 1, 65);
INSERT INTO DRL_competition
VALUES (37, 'Combe Martin', 1, 68);
INSERT INTO DRL_competition
VALUES (38, 'Cornwood', 1, 70);
INSERT INTO DRL_competition
VALUES (39, 'Coulthirst Shield', 0, NULL);
INSERT INTO DRL_competition
VALUES (40, 'Dartmouth, St Petrox', 1, 74);
INSERT INTO DRL_competition
VALUES (41, 'Dartmouth, St Saviour', 1, 75);
INSERT INTO DRL_competition
VALUES (42, 'Dartmouth, Townstal', 1, 76);
INSERT INTO DRL_competition
VALUES (43, 'Dean Prior', 1, 78);
INSERT INTO DRL_competition
VALUES (44, 'Devon Association 8 Bell Final', 0, NULL);
INSERT INTO DRL_competition
VALUES (45, 'Devon Association 5 Bell', 0, NULL);
INSERT INTO DRL_competition
VALUES (46, 'Devon Association London Challenge', 0, NULL);
INSERT INTO DRL_competition
VALUES (47, 'Devon Association Open 6 Bell', 0, NULL);
INSERT INTO DRL_competition
VALUES (48, 'Devon Association Open 8 Bell', 0, NULL);
INSERT INTO DRL_competition
VALUES (49, 'Diptford', 1, 79);
INSERT INTO DRL_competition
VALUES (50, 'Dittisham', 1, 80);
INSERT INTO DRL_competition
VALUES (51, 'Doddiscombsleigh', 1, 82);
INSERT INTO DRL_competition
VALUES (52, 'Dolton', 1, 83);
INSERT INTO DRL_competition
VALUES (53, 'Dowland 5 Bell', 1, 84);
INSERT INTO DRL_competition
VALUES (54, 'Down St Mary', 1, 85);
INSERT INTO DRL_competition
VALUES (55, 'Dunsford', 1, 87);
INSERT INTO DRL_competition
VALUES (56, 'East Portlemouth Bowl', 0, NULL);
INSERT INTO DRL_competition
VALUES (57, 'Eggbuckland', 1, 193);
INSERT INTO DRL_competition
VALUES (58, 'Exbourne', 1, 94);
INSERT INTO DRL_competition
VALUES (59, 'Frithelstock', 1, 106);
INSERT INTO DRL_competition
VALUES (60, 'Gammon Cup', 0, NULL);
INSERT INTO DRL_competition
VALUES (61, 'Georgeham', 1, 107);
INSERT INTO DRL_competition
VALUES (62, 'Great Torrington', 1, 109);
INSERT INTO DRL_competition
VALUES (63, 'Halwell', 1, 111);
INSERT INTO DRL_competition
VALUES (64, 'Hartland Deanery', 0, NULL);
INSERT INTO DRL_competition
VALUES (65, 'Hartland Deanery Open', 0, NULL);
INSERT INTO DRL_competition
VALUES (66, 'Heanton Punchardon', 1, 115);
INSERT INTO DRL_competition
VALUES (67, 'High Bickington 6 Bell', 1, 116);
INSERT INTO DRL_competition
VALUES (68, 'High Bickington 8 Bell', 1, 116);
INSERT INTO DRL_competition
VALUES (69, 'Highweek Jubilee Shield', 1, 117);
INSERT INTO DRL_competition
VALUES (70, 'Holbeton', 1, 118);
INSERT INTO DRL_competition
VALUES (71, 'Iddesleigh', 1, 124);
INSERT INTO DRL_competition
VALUES (72, 'Ide', 1, 125);
INSERT INTO DRL_competition
VALUES (73, 'Ilfracombe, Holy Trinity', 1, 127);
INSERT INTO DRL_competition
VALUES (74, 'South Devon Interdeanery', 0, NULL);
INSERT INTO DRL_competition
VALUES (75, 'Kenn', 1, 133);
INSERT INTO DRL_competition
VALUES (76, 'Kenn Deanery', 0, NULL);
INSERT INTO DRL_competition
VALUES (77, 'Kentisbeare', 1, 134);
INSERT INTO DRL_competition
VALUES (78, 'Kilkhampton 6 Bell', 1, 137);
INSERT INTO DRL_competition
VALUES (79, 'Kilkhampton 8 Bell', 1, 137);
INSERT INTO DRL_competition
VALUES (80, 'Kings Nympton', 1, 139);
INSERT INTO DRL_competition
VALUES (81, 'Kingsteignton', 1, 142);
INSERT INTO DRL_competition
VALUES (82, 'Lamerton', 1, 144);
INSERT INTO DRL_competition
VALUES (83, 'Landkey', 1, 145);
INSERT INTO DRL_competition
VALUES (84, 'Lapford', 1, 147);
INSERT INTO DRL_competition
VALUES (85, 'Littleham', 1, 150);
INSERT INTO DRL_competition
VALUES (86, 'Loddiswell', 1, 151);
INSERT INTO DRL_competition
VALUES (87, 'Lydford', 1, 156);
INSERT INTO DRL_competition
VALUES (88, 'Lynton', 1, 158);
INSERT INTO DRL_competition
VALUES (89, 'M Boundy Shield', 0, NULL);
INSERT INTO DRL_competition
VALUES (90, 'Devon Association Major Final', 0, NULL);
INSERT INTO DRL_competition
VALUES (91, 'Maker', 1, 159);
INSERT INTO DRL_competition
VALUES (92, 'Mariansleigh', 1, 162);
INSERT INTO DRL_competition
VALUES (93, 'Marwood', 1, 164);
INSERT INTO DRL_competition
VALUES (94, 'Meavy', 1, 165);
INSERT INTO DRL_competition
VALUES (95, 'Merton', 1, 166);
INSERT INTO DRL_competition
VALUES (96, 'Devon Association Minor Final', 0, NULL);
INSERT INTO DRL_competition
VALUES (97, 'Molland', 1, 169);
INSERT INTO DRL_competition
VALUES (98, 'Monkleigh', 1, 170);
INSERT INTO DRL_competition
VALUES (99, 'Morchard Bishop', 1, 171);
INSERT INTO DRL_competition
VALUES (100, 'Moreton Deanery', 0, NULL);
INSERT INTO DRL_competition
VALUES (101, 'Mortehoe', 1, 174);
INSERT INTO DRL_competition
VALUES (102, 'Devon Association National 6 Bell', 0, NULL);
INSERT INTO DRL_competition
VALUES (103, 'Devon Association National 8 Bell', 0, NULL);
INSERT INTO DRL_competition
VALUES (104, 'Devon Association National Qualifier', 0, NULL);
INSERT INTO DRL_competition
VALUES (105, 'Newton Abbot, Ipplepen and Torbay Deaneries', 0, NULL);
INSERT INTO DRL_competition
VALUES (106, 'Newton Abbot, Wolborough', 1, 176);
INSERT INTO DRL_competition
VALUES (107, 'Newton St Cyres', 1, 178);
INSERT INTO DRL_competition
VALUES (108, 'Devon Association North Devon Qualifier', 0, NULL);
INSERT INTO DRL_competition
VALUES (109, 'North vs South', 0, NULL);
INSERT INTO DRL_competition
VALUES (110, 'Okehampton Deanery', 0, NULL);
INSERT INTO DRL_competition
VALUES (111, 'Petrockstowe', 1, 191);
INSERT INTO DRL_competition
VALUES (112, 'Plymouth and Ivybridge Deaneries', 0, NULL);
INSERT INTO DRL_competition
VALUES (113, 'Plymtree', 1, 201);
INSERT INTO DRL_competition
VALUES (114, 'Poughill', 1, 203);
INSERT INTO DRL_competition
VALUES (115, 'Rose Ash', 1, 210);
INSERT INTO DRL_competition
VALUES (116, 'Sampford Courtenay', 1, 212);
INSERT INTO DRL_competition
VALUES (117, 'Shaugh Prior', 1, 214);
INSERT INTO DRL_competition
VALUES (118, 'Shebbear', 1, 215);
INSERT INTO DRL_competition
VALUES (119, 'Sheepstor', 1, 216);
INSERT INTO DRL_competition
VALUES (120, 'Shirwell', 1, 218);
INSERT INTO DRL_competition
VALUES (121, 'Shirwell Deanery', 0, NULL);
INSERT INTO DRL_competition
VALUES (122, 'Shirwell Deanery Open', 0, NULL);
INSERT INTO DRL_competition
VALUES (123, 'South Brent', 1, 222);
INSERT INTO DRL_competition
VALUES (124, 'South Devon 8 Bell', 0, NULL);
INSERT INTO DRL_competition
VALUES (125, 'Devon Association South Qualifier', 0, NULL);
INSERT INTO DRL_competition
VALUES (126, 'South Molton Deanery', 0, NULL);
INSERT INTO DRL_competition
VALUES (127, 'South Petherwin', 1, 225);
INSERT INTO DRL_competition
VALUES (128, 'South Tawton', 1, 227);
INSERT INTO DRL_competition
VALUES (129, 'Spreyton', 1, 228);
INSERT INTO DRL_competition
VALUES (130, 'St Giles in the Wood', 1, 229);
INSERT INTO DRL_competition
VALUES (131, 'Stoke Gabriel', 1, 234);
INSERT INTO DRL_competition
VALUES (132, 'Stratton 6 Bell', 1, 238);
INSERT INTO DRL_competition
VALUES (133, 'Stratton 8 Bell', 1, 238);
INSERT INTO DRL_competition
VALUES (134, 'Swimbridge', 1, 239);
INSERT INTO DRL_competition
VALUES (135, 'Tamar Valley Guild', 0, NULL);
INSERT INTO DRL_competition
VALUES (136, 'Tamar Valley Guild 8 Bell', 0, NULL);
INSERT INTO DRL_competition
VALUES (137, 'Tamar Valley Guild Open', 0, NULL);
INSERT INTO DRL_competition
VALUES (138, 'Tamar Valley Knockout Final', 0, NULL);
INSERT INTO DRL_competition
VALUES (139, 'Tamar Valley Knockout Final - open', 0, NULL);
INSERT INTO DRL_competition
VALUES (140, 'Tavistock Deanery', 0, NULL);
INSERT INTO DRL_competition
VALUES (141, 'Taw and Torridge Cup', 0, NULL);
INSERT INTO DRL_competition
VALUES (142, 'Tawstock 6 Bell', 1, 242);
INSERT INTO DRL_competition
VALUES (143, 'Tawstock Shield', 0, NULL);
INSERT INTO DRL_competition
VALUES (144, 'Tedburn St Mary', 1, 243);
INSERT INTO DRL_competition
VALUES (145, 'Throwleigh', 1, 245);
INSERT INTO DRL_competition
VALUES (146, 'Torridge Valley Guild', 0, NULL);
INSERT INTO DRL_competition
VALUES (147, 'Torridge Valley Guild Open', 0, NULL);
INSERT INTO DRL_competition
VALUES (148, 'Totnes Deanery', 0, NULL);
INSERT INTO DRL_competition
VALUES (149, 'Upton Pyne', 1, 255);
INSERT INTO DRL_competition
VALUES (150, 'Warkleigh', 1, 257);
INSERT INTO DRL_competition
VALUES (151, 'Weare Giffard', 1, 259);
INSERT INTO DRL_competition
VALUES (152, 'West Alvington', 1, 263);
INSERT INTO DRL_competition
VALUES (153, 'West Buckland', 1, 264);
INSERT INTO DRL_competition
VALUES (154, 'West Down', 1, 265);
INSERT INTO DRL_competition
VALUES (155, 'Widecombe in the Moor', 1, 272);
INSERT INTO DRL_competition
VALUES (156, 'Widecombe in the Moor 8 Bell', 1, 272);
INSERT INTO DRL_competition
VALUES (157, 'Witheridge', 1, 275);
INSERT INTO DRL_competition
VALUES (158, 'Woodleigh Deanery', 0, NULL);
INSERT INTO DRL_competition
VALUES (159, 'Yarnscombe', 1, 277);
INSERT INTO DRL_competition
VALUES (160, 'Zeal Monachorum', 1, 279);

-- events
INSERT INTO DRL_event (id, year, competitionID, locationID)
VALUES (1, '2007', 72, 125);
INSERT INTO DRL_event (id, year, competitionID, locationID)
VALUES (2, '2007', 74, 222);
INSERT INTO DRL_event (id, year, competitionID, locationID)
VALUES (3, '2007', 44, 89);
INSERT INTO DRL_event (id, year, competitionID, locationID)
VALUES (4, '2007', 148, 111);
INSERT INTO DRL_event (id, year, competitionID, locationID)
VALUES (5, '2007', 158, 223);
INSERT INTO DRL_event (id, year, competitionID, locationID)
VALUES (6, '2007', 125, 63);
INSERT INTO DRL_event (id, year, competitionID, locationID)
VALUES (7, '2007', 108, 20);
INSERT INTO DRL_event (id, year, competitionID, locationID)
VALUES (8, '2007', 54, 85);
INSERT INTO DRL_event (id, year, competitionID, locationID)
VALUES (9, '2007', 96, 215);
INSERT INTO DRL_event (id, year, competitionID, locationID)
VALUES (10, '2007', 85, 150);
INSERT INTO DRL_event (id, year, competitionID, locationID)
VALUES (11, '2007', 110, 182);
INSERT INTO DRL_event (id, year, competitionID, locationID)
VALUES (12, '2007', 100, 129);
INSERT INTO DRL_event (id, year, competitionID, locationID)
VALUES (13, '2007', 112, 214);
INSERT INTO DRL_event (id, year, competitionID, locationID)
VALUES (14, '2007', 90, 24);
INSERT INTO DRL_event (id, year, competitionID, locationID)
VALUES (15, '2007', 57, 193);
INSERT INTO DRL_event (id, year, competitionID, locationID)
VALUES (16, '2007', 129, 228);
INSERT INTO DRL_event (id, year, competitionID, locationID)
VALUES (17, '2007', 11, 249);
INSERT INTO DRL_event (id, year, competitionID, locationID)
VALUES (18, '2007', 84, 147);
INSERT INTO DRL_event (id, year, competitionID, locationID)
VALUES (19, '2007', 51, 82);
INSERT INTO DRL_event (id, year, competitionID, locationID)
VALUES (20, '2007', 55, 87);
INSERT INTO DRL_event (id, year, competitionID, locationID)
VALUES (21, '2007', 25, 45);
INSERT INTO DRL_event (id, year, competitionID, locationID)
VALUES (22, '2007', 155, 272);
INSERT INTO DRL_event (id, year, competitionID, locationID)
VALUES (23, '2007', 118, 215);
INSERT INTO DRL_event (id, year, competitionID, locationID)
VALUES (24, '2007', 87, 156);
INSERT INTO DRL_event (id, year, competitionID, locationID)
VALUES (25, '2007', 21, 33);
INSERT INTO DRL_event (id, year, competitionID, locationID)
VALUES (26, '2007', 102, 29);
INSERT INTO DRL_event (id, year, competitionID, locationID)
VALUES (27, '2007', 92, 162);
INSERT INTO DRL_event (id, year, competitionID, locationID)
VALUES (28, '2007', 28, 279);
INSERT INTO DRL_event (id, year, competitionID, locationID)
VALUES (29, '2007', 71, 124);
INSERT INTO DRL_event (id, year, competitionID, locationID)
VALUES (30, '2007', 76, 91);
INSERT INTO DRL_event (id, year, competitionID, locationID)
VALUES (31, '2007', 124, 196);
INSERT INTO DRL_event (id, year, competitionID, locationID)
VALUES (32, '2007', 144, 243);
INSERT INTO DRL_event (id, year, competitionID, locationID)
VALUES (33, '2007', 105, 1);
INSERT INTO DRL_event (id, year, competitionID, locationID)
VALUES (34, '2007', 143, 242);
INSERT INTO DRL_event (id, year, competitionID, locationID)
VALUES (35, '2007', 133, 238);
INSERT INTO DRL_event (id, year, competitionID, locationID)
VALUES (36, '2007', 79, 137);
INSERT INTO DRL_event (id, year, competitionID, locationID)
VALUES (37, '2007', 132, 238);
INSERT INTO DRL_event (id, year, competitionID, locationID)
VALUES (38, '2007', 78, 137);
INSERT INTO DRL_event (id, year, competitionID, locationID)
VALUES (39, '2003', 49, 79);
INSERT INTO DRL_event (id, year, competitionID, locationID)
VALUES (40, '2003', 105, 176);
INSERT INTO DRL_event (id, year, competitionID, locationID)
VALUES (41, '2003', 75, 133);
INSERT INTO DRL_event (id, year, competitionID, locationID)
VALUES (42, '2003', 18, 25);
INSERT INTO DRL_event (id, year, competitionID, locationID)
VALUES (43, '2003', 74, 118);
INSERT INTO DRL_event (id, year, competitionID, locationID)
VALUES (44, '2003', 44, 44);
INSERT INTO DRL_event (id, year, competitionID, locationID)
VALUES (45, '2003', 148, 66);
INSERT INTO DRL_event (id, year, competitionID, locationID)
VALUES (46, '2003', 125, 81);
INSERT INTO DRL_event (id, year, competitionID, locationID)
VALUES (47, '2003', 108, 60);
INSERT INTO DRL_event (id, year, competitionID, locationID)
VALUES (48, '2003', 96, 150);
INSERT INTO DRL_event (id, year, competitionID, locationID)
VALUES (49, '2003', 100, 15);
INSERT INTO DRL_event (id, year, competitionID, locationID)
VALUES (50, '2003', 90, 232);
INSERT INTO DRL_event (id, year, competitionID, locationID)
VALUES (51, '2003', 86, 151);
INSERT INTO DRL_event (id, year, competitionID, locationID)
VALUES (52, '2003', 155, 272);
INSERT INTO DRL_event (id, year, competitionID, locationID)
VALUES (53, '2003', 87, 156);
INSERT INTO DRL_event (id, year, competitionID, locationID)
VALUES (54, '2003', 21, 33);
INSERT INTO DRL_event (id, year, competitionID, locationID)
VALUES (55, '2003', 102, 201);
INSERT INTO DRL_event (id, year, competitionID, locationID)
VALUES (56, '2003', 11, 160);
INSERT INTO DRL_event (id, year, competitionID, locationID)
VALUES (57, '2003', 76, 77);
INSERT INTO DRL_event (id, year, competitionID, locationID)
VALUES (58, '2003', 124, 272);
INSERT INTO DRL_event (id, year, competitionID, locationID)
VALUES (59, '2003', 144, 243);
INSERT INTO DRL_event (id, year, competitionID, locationID)
VALUES (60, '2003', 78, 137);
INSERT INTO DRL_event (id, year, competitionID, locationID)
VALUES (61, '2003', 79, 137);
INSERT INTO DRL_event (id, year, competitionID, locationID)
VALUES (62, '2003', 133, 238);
INSERT INTO DRL_event (id, year, competitionID, locationID)
VALUES (63, '2004', 75, 133);
INSERT INTO DRL_event (id, year, competitionID, locationID)
VALUES (64, '2004', 72, 125);
INSERT INTO DRL_event (id, year, competitionID, locationID)
VALUES (65, '2004', 74, 87);
INSERT INTO DRL_event (id, year, competitionID, locationID)
VALUES (66, '2004', 44, 274);
INSERT INTO DRL_event (id, year, competitionID, locationID)
VALUES (67, '2004', 136, 137);
INSERT INTO DRL_event (id, year, competitionID, locationID)
VALUES (68, '2004', 135, 137);
INSERT INTO DRL_event (id, year, competitionID, locationID)
VALUES (69, '2004', 137, 137);
INSERT INTO DRL_event (id, year, competitionID, locationID)
VALUES (70, '2004', 148, 222);
INSERT INTO DRL_event (id, year, competitionID, locationID)
VALUES (71, '2004', 158, 233);
INSERT INTO DRL_event (id, year, competitionID, locationID)
VALUES (72, '2004', 125, 151);
INSERT INTO DRL_event (id, year, competitionID, locationID)
VALUES (73, '2004', 108, 229);
INSERT INTO DRL_event (id, year, competitionID, locationID)
VALUES (74, '2004', 54, 85);
INSERT INTO DRL_event (id, year, competitionID, locationID)
VALUES (75, '2004', 96, 185);
INSERT INTO DRL_event (id, year, competitionID, locationID)
VALUES (76, '2004', 100, 161);
INSERT INTO DRL_event (id, year, competitionID, locationID)
VALUES (77, '2004', 110, 94);
INSERT INTO DRL_event (id, year, competitionID, locationID)
VALUES (78, '2004', 90, 146);
INSERT INTO DRL_event (id, year, competitionID, locationID)
VALUES (79, '2004', 155, 272);
INSERT INTO DRL_event (id, year, competitionID, locationID)
VALUES (80, '2004', 87, 156);
INSERT INTO DRL_event (id, year, competitionID, locationID)
VALUES (81, '2004', 21, 33);
INSERT INTO DRL_event (id, year, competitionID, locationID)
VALUES (82, '2004', 118, 215);
INSERT INTO DRL_event (id, year, competitionID, locationID)
VALUES (83, '2004', 128, 227);
INSERT INTO DRL_event (id, year, competitionID, locationID)
VALUES (84, '2004', 102, 203);
INSERT INTO DRL_event (id, year, competitionID, locationID)
VALUES (85, '2004', 11, 70);
INSERT INTO DRL_event (id, year, competitionID, locationID)
VALUES (86, '2004', 71, 124);
INSERT INTO DRL_event (id, year, competitionID, locationID)
VALUES (87, '2004', 144, 243);
INSERT INTO DRL_event (id, year, competitionID, locationID)
VALUES (88, '2004', 98, 170);
INSERT INTO DRL_event (id, year, competitionID, locationID)
VALUES (89, '2005', 148, 38);
INSERT INTO DRL_event (id, year, competitionID, locationID)
VALUES (90, '2005', 72, 125);
INSERT INTO DRL_event (id, year, competitionID, locationID)
VALUES (91, '2005', 125, 79);
INSERT INTO DRL_event (id, year, competitionID, locationID)
VALUES (92, '2005', 108, 267);
INSERT INTO DRL_event (id, year, competitionID, locationID)
VALUES (93, '2005', 54, 85);
INSERT INTO DRL_event (id, year, competitionID, locationID)
VALUES (94, '2005', 96, 170);
INSERT INTO DRL_event (id, year, competitionID, locationID)
VALUES (95, '2005', 110, 130);
INSERT INTO DRL_event (id, year, competitionID, locationID)
VALUES (96, '2005', 90, 165);
INSERT INTO DRL_event (id, year, competitionID, locationID)
VALUES (97, '2005', 57, 193);
INSERT INTO DRL_event (id, year, competitionID, locationID)
VALUES (98, '2005', 18, 25);
INSERT INTO DRL_event (id, year, competitionID, locationID)
VALUES (99, '2005', 11, 222);
INSERT INTO DRL_event (id, year, competitionID, locationID)
VALUES (100, '2005', 129, 228);
INSERT INTO DRL_event (id, year, competitionID, locationID)
VALUES (101, '2005', 155, 272);
INSERT INTO DRL_event (id, year, competitionID, locationID)
VALUES (102, '2005', 128, 227);
INSERT INTO DRL_event (id, year, competitionID, locationID)
VALUES (103, '2005', 28, 213);
INSERT INTO DRL_event (id, year, competitionID, locationID)
VALUES (104, '2005', 71, 124);
INSERT INTO DRL_event (id, year, competitionID, locationID)
VALUES (105, '2005', 105, 250);
INSERT INTO DRL_event (id, year, competitionID, locationID)
VALUES (106, '2005', 144, 243);
INSERT INTO DRL_event (id, year, competitionID, locationID)
VALUES (107, '2005', 130, 229);
INSERT INTO DRL_event (id, year, competitionID, locationID)
VALUES (108, '2005', 76, 125);
INSERT INTO DRL_event (id, year, competitionID, locationID)
VALUES (109, '2005', 87, 156);
INSERT INTO DRL_event (id, year, competitionID, locationID)
VALUES (110, '2005', 21, 33);
INSERT INTO DRL_event (id, year, competitionID, locationID)
VALUES (111, '2006', 132, 238);
INSERT INTO DRL_event (id, year, competitionID, locationID)
VALUES (112, '2006', 133, 238);
INSERT INTO DRL_event (id, year, competitionID, locationID)
VALUES (113, '2006', 140, 156);
INSERT INTO DRL_event (id, year, competitionID, locationID)
VALUES (114, '2006', 124, 200);
INSERT INTO DRL_event (id, year, competitionID, locationID)
VALUES (115, '2006', 84, 147);
INSERT INTO DRL_event (id, year, competitionID, locationID)
VALUES (116, '2006', 129, 228);
INSERT INTO DRL_event (id, year, competitionID, locationID)
VALUES (117, '2006', 44, 154);
INSERT INTO DRL_event (id, year, competitionID, locationID)
VALUES (118, '2006', 96, 133);
INSERT INTO DRL_event (id, year, competitionID, locationID)
VALUES (119, '2006', 54, 85);
INSERT INTO DRL_event (id, year, competitionID, locationID)
VALUES (120, '2006', 125, 58);
INSERT INTO DRL_event (id, year, competitionID, locationID)
VALUES (121, '2006', 108, 108);
INSERT INTO DRL_event (id, year, competitionID, locationID)
VALUES (122, '2006', 18, 25);
INSERT INTO DRL_event (id, year, competitionID, locationID)
VALUES (123, '2006', 158, 226);
INSERT INTO DRL_event (id, year, competitionID, locationID)
VALUES (124, '2006', 148, 71);
INSERT INTO DRL_event (id, year, competitionID, locationID)
VALUES (125, '2006', 74, 160);
INSERT INTO DRL_event (id, year, competitionID, locationID)
VALUES (126, '2006', 72, 125);
INSERT INTO DRL_event (id, year, competitionID, locationID)
VALUES (127, '2006', 110, 33);
INSERT INTO DRL_event (id, year, competitionID, locationID)
VALUES (128, '2006', 85, 150);
INSERT INTO DRL_event (id, year, competitionID, locationID)
VALUES (129, '2006', 90, 268);
INSERT INTO DRL_event (id, year, competitionID, locationID)
VALUES (130, '2006', 11, 90);
INSERT INTO DRL_event (id, year, competitionID, locationID)
VALUES (131, '2006', 155, 272);
INSERT INTO DRL_event (id, year, competitionID, locationID)
VALUES (132, '2006', 87, 156);
INSERT INTO DRL_event (id, year, competitionID, locationID)
VALUES (133, '2006', 21, 33);
INSERT INTO DRL_event (id, year, competitionID, locationID)
VALUES (134, '2006', 76, 50);
INSERT INTO DRL_event (id, year, competitionID, locationID)
VALUES (135, '2006', 144, 243);
INSERT INTO DRL_event (id, year, competitionID, locationID)
VALUES (136, '2006', 143, 142);
INSERT INTO DRL_event (id, year, competitionID, locationID)
VALUES (137, '2006', 105, 176);
INSERT INTO DRL_event (id, year, competitionID, locationID)
VALUES (138, '2008', 72, 125);
INSERT INTO DRL_event (id, year, competitionID, locationID)
VALUES (139, '2008', 74, 248);
INSERT INTO DRL_event (id, year, competitionID, locationID)
VALUES (140, '2008', 44, 123);
INSERT INTO DRL_event (id, year, competitionID, locationID)
VALUES (141, '2008', 148, 234);
INSERT INTO DRL_event (id, year, competitionID, locationID)
VALUES (142, '2008', 158, 217);
INSERT INTO DRL_event (id, year, competitionID, locationID)
VALUES (143, '2008', 108, 92);
INSERT INTO DRL_event (id, year, competitionID, locationID)
VALUES (144, '2008', 125, 177);
INSERT INTO DRL_event (id, year, competitionID, locationID)
VALUES (145, '2008', 54, 85);
INSERT INTO DRL_event (id, year, competitionID, locationID)
VALUES (146, '2008', 18, 25);
INSERT INTO DRL_event (id, year, competitionID, locationID)
VALUES (147, '2008', 96, 70);
INSERT INTO DRL_event (id, year, competitionID, locationID)
VALUES (148, '2008', 85, 150);
INSERT INTO DRL_event (id, year, competitionID, locationID)
VALUES (149, '2008', 100, 252);
INSERT INTO DRL_event (id, year, competitionID, locationID)
VALUES (150, '2008', 110, 114);
INSERT INTO DRL_event (id, year, competitionID, locationID)
VALUES (151, '2008', 112, 37);
INSERT INTO DRL_event (id, year, competitionID, locationID)
VALUES (152, '2008', 90, 279);
INSERT INTO DRL_event (id, year, competitionID, locationID)
VALUES (153, '2008', 129, 228);
INSERT INTO DRL_event (id, year, competitionID, locationID)
VALUES (154, '2008', 11, 163);
INSERT INTO DRL_event (id, year, competitionID, locationID)
VALUES (155, '2008', 123, 222);
INSERT INTO DRL_event (id, year, competitionID, locationID)
VALUES (156, '2008', 131, 234);
INSERT INTO DRL_event (id, year, competitionID, locationID)
VALUES (157, '2008', 5, 66);
INSERT INTO DRL_event (id, year, competitionID, locationID)
VALUES (158, '2008', 84, 147);
INSERT INTO DRL_event (id, year, competitionID, locationID)
VALUES (159, '2008', 55, 87);
INSERT INTO DRL_event (id, year, competitionID, locationID)
VALUES (160, '2008', 51, 82);
INSERT INTO DRL_event (id, year, competitionID, locationID)
VALUES (161, '2008', 146, 261);
INSERT INTO DRL_event (id, year, competitionID, locationID)
VALUES (162, '2008', 25, 45);
INSERT INTO DRL_event (id, year, competitionID, locationID)
VALUES (163, '2008', 155, 272);
INSERT INTO DRL_event (id, year, competitionID, locationID)
VALUES (164, '2008', 118, 215);
INSERT INTO DRL_event (id, year, competitionID, locationID)
VALUES (165, '2008', 87, 156);
INSERT INTO DRL_event (id, year, competitionID, locationID)
VALUES (166, '2008', 21, 33);
INSERT INTO DRL_event (id, year, competitionID, locationID)
VALUES (167, '2008', 128, 227);
INSERT INTO DRL_event (id, year, competitionID, locationID)
VALUES (168, '2008', 28, 26);
INSERT INTO DRL_event (id, year, competitionID, locationID)
VALUES (169, '2008', 76, 204);
INSERT INTO DRL_event (id, year, competitionID, locationID)
VALUES (170, '2008', 71, 124);
INSERT INTO DRL_event (id, year, competitionID, locationID)
VALUES (171, '2008', 124, 43);
INSERT INTO DRL_event (id, year, competitionID, locationID)
VALUES (172, '2008', 29, 49);
INSERT INTO DRL_event (id, year, competitionID, locationID)
VALUES (173, '2008', 144, 243);
INSERT INTO DRL_event (id, year, competitionID, locationID)
VALUES (174, '2008', 105, 248);
INSERT INTO DRL_event (id, year, competitionID, locationID)
VALUES (175, '2008', 130, 229);
INSERT INTO DRL_event (id, year, competitionID, locationID)
VALUES (176, '2008', 150, 257);
INSERT INTO DRL_event (id, year, competitionID, locationID)
VALUES (177, '2008', 143, 142);
INSERT INTO DRL_event (id, year, competitionID, locationID)
VALUES (178, '2008', 98, 170);
INSERT INTO DRL_event (id, year, competitionID, locationID)
VALUES (179, '2008', 132, 238);
INSERT INTO DRL_event (id, year, competitionID, locationID)
VALUES (180, '2008', 133, 238);
INSERT INTO DRL_event (id, year, competitionID, locationID)
VALUES (181, '2008', 78, 137);
INSERT INTO DRL_event (id, year, competitionID, locationID)
VALUES (182, '2008', 79, 137);
INSERT INTO DRL_event (id, year, competitionID, locationID)
VALUES (183, '2008', 92, 162);
INSERT INTO DRL_event (id, year, competitionID, locationID)
VALUES (184, '2009', 72, 125);
INSERT INTO DRL_event (id, year, competitionID, locationID)
VALUES (185, '2009', 74, 55);
INSERT INTO DRL_event (id, year, competitionID, locationID)
VALUES (186, '2009', 44, 131);
INSERT INTO DRL_event (id, year, competitionID, locationID)
VALUES (187, '2009', 145, 245);
INSERT INTO DRL_event (id, year, competitionID, locationID)
VALUES (188, '2009', 148, 78);
INSERT INTO DRL_event (id, year, competitionID, locationID)
VALUES (189, '2009', 158, 53);
INSERT INTO DRL_event (id, year, competitionID, locationID)
VALUES (190, '2009', 125, 269);
INSERT INTO DRL_event (id, year, competitionID, locationID)
VALUES (191, '2009', 108, 277);
INSERT INTO DRL_event (id, year, competitionID, locationID)
VALUES (192, '2009', 19, 26);
INSERT INTO DRL_event (id, year, competitionID, locationID)
VALUES (193, '2009', 54, 85);
INSERT INTO DRL_event (id, year, competitionID, locationID)
VALUES (194, '2009', 18, 25);
INSERT INTO DRL_event (id, year, competitionID, locationID)
VALUES (195, '2009', 96, 265);
INSERT INTO DRL_event (id, year, competitionID, locationID)
VALUES (196, '2009', 110, 186);
INSERT INTO DRL_event (id, year, competitionID, locationID)
VALUES (197, '2009', 85, 150);
INSERT INTO DRL_event (id, year, competitionID, locationID)
VALUES (198, '2009', 90, 155);
INSERT INTO DRL_event (id, year, competitionID, locationID)
VALUES (199, '2009', 57, 193);
INSERT INTO DRL_event (id, year, competitionID, locationID)
VALUES (200, '2009', 129, 228);
INSERT INTO DRL_event (id, year, competitionID, locationID)
VALUES (201, '2009', 112, 193);
INSERT INTO DRL_event (id, year, competitionID, locationID)
VALUES (202, '2009', 11, 232);
INSERT INTO DRL_event (id, year, competitionID, locationID)
VALUES (203, '2009', 123, 222);
INSERT INTO DRL_event (id, year, competitionID, locationID)
VALUES (204, '2009', 5, 66);
INSERT INTO DRL_event (id, year, competitionID, locationID)
VALUES (205, '2009', 131, 234);
INSERT INTO DRL_event (id, year, competitionID, locationID)
VALUES (206, '2009', 51, 82);
INSERT INTO DRL_event (id, year, competitionID, locationID)
VALUES (207, '2009', 55, 87);
INSERT INTO DRL_event (id, year, competitionID, locationID)
VALUES (208, '2009', 146, 109);
INSERT INTO DRL_event (id, year, competitionID, locationID)
VALUES (209, '2009', 25, 45);
INSERT INTO DRL_event (id, year, competitionID, locationID)
VALUES (210, '2009', 155, 272);
INSERT INTO DRL_event (id, year, competitionID, locationID)
VALUES (211, '2009', 118, 215);
INSERT INTO DRL_event (id, year, competitionID, locationID)
VALUES (212, '2009', 87, 156);
INSERT INTO DRL_event (id, year, competitionID, locationID)
VALUES (213, '2009', 21, 33);
INSERT INTO DRL_event (id, year, competitionID, locationID)
VALUES (214, '2009', 160, 279);
INSERT INTO DRL_event (id, year, competitionID, locationID)
VALUES (215, '2009', 128, 227);
INSERT INTO DRL_event (id, year, competitionID, locationID)
VALUES (216, '2009', 92, 162);
INSERT INTO DRL_event (id, year, competitionID, locationID)
VALUES (217, '2009', 16, 20);
INSERT INTO DRL_event (id, year, competitionID, locationID)
VALUES (218, '2009', 102, 86);
INSERT INTO DRL_event (id, year, competitionID, locationID)
VALUES (219, '2009', 103, 46);
INSERT INTO DRL_event (id, year, competitionID, locationID)
VALUES (220, '2009', 76, 126);
INSERT INTO DRL_event (id, year, competitionID, locationID)
VALUES (221, '2009', 71, 124);
INSERT INTO DRL_event (id, year, competitionID, locationID)
VALUES (222, '2009', 124, 14);
INSERT INTO DRL_event (id, year, competitionID, locationID)
VALUES (223, '2009', 52, 83);
INSERT INTO DRL_event (id, year, competitionID, locationID)
VALUES (224, '2009', 135, 170);
INSERT INTO DRL_event (id, year, competitionID, locationID)
VALUES (225, '2009', 29, 49);
INSERT INTO DRL_event (id, year, competitionID, locationID)
VALUES (226, '2009', 144, 243);
INSERT INTO DRL_event (id, year, competitionID, locationID)
VALUES (227, '2009', 105, 36);
INSERT INTO DRL_event (id, year, competitionID, locationID)
VALUES (228, '2009', 130, 229);
INSERT INTO DRL_event (id, year, competitionID, locationID)
VALUES (229, '2009', 143, 242);
INSERT INTO DRL_event (id, year, competitionID, locationID)
VALUES (230, '2009', 98, 170);
INSERT INTO DRL_event (id, year, competitionID, locationID)
VALUES (231, '2009', 79, 137);
INSERT INTO DRL_event (id, year, competitionID, locationID)
VALUES (232, '2009', 133, 238);
INSERT INTO DRL_event (id, year, competitionID, locationID)
VALUES (233, '2009', 132, 238);
INSERT INTO DRL_event (id, year, competitionID, locationID)
VALUES (234, '2009', 78, 137);
INSERT INTO DRL_event (id, year, competitionID, locationID)
VALUES (235, '2010', 72, 125);
INSERT INTO DRL_event (id, year, competitionID, locationID)
VALUES (236, '2010', 74, 93);
INSERT INTO DRL_event (id, year, competitionID, locationID)
VALUES (237, '2010', 44, 109);
INSERT INTO DRL_event (id, year, competitionID, locationID)
VALUES (238, '2010', 145, 245);
INSERT INTO DRL_event (id, year, competitionID, locationID)
VALUES (239, '2010', 148, 79);
INSERT INTO DRL_event (id, year, competitionID, locationID)
VALUES (240, '2010', 158, 81);
INSERT INTO DRL_event (id, year, competitionID, locationID)
VALUES (241, '2010', 125, 221);
INSERT INTO DRL_event (id, year, competitionID, locationID)
VALUES (242, '2010', 108, 26);
INSERT INTO DRL_event (id, year, competitionID, locationID)
VALUES (243, '2010', 54, 85);
INSERT INTO DRL_event (id, year, competitionID, locationID)
VALUES (244, '2010', 19, 26);
INSERT INTO DRL_event (id, year, competitionID, locationID)
VALUES (245, '2010', 64, 259);
INSERT INTO DRL_event (id, year, competitionID, locationID)
VALUES (246, '2010', 96, 129);
INSERT INTO DRL_event (id, year, competitionID, locationID)
VALUES (247, '2010', 110, 46);
INSERT INTO DRL_event (id, year, competitionID, locationID)
VALUES (248, '2010', 90, 150);
INSERT INTO DRL_event (id, year, competitionID, locationID)
VALUES (249, '2010', 57, 193);
INSERT INTO DRL_event (id, year, competitionID, locationID)
VALUES (250, '2010', 129, 228);
INSERT INTO DRL_event (id, year, competitionID, locationID)
VALUES (251, '2010', 112, 195);
INSERT INTO DRL_event (id, year, competitionID, locationID)
VALUES (252, '2010', 123, 222);
INSERT INTO DRL_event (id, year, competitionID, locationID)
VALUES (253, '2010', 11, 48);
INSERT INTO DRL_event (id, year, competitionID, locationID)
VALUES (254, '2010', 5, 66);
INSERT INTO DRL_event (id, year, competitionID, locationID)
VALUES (255, '2010', 131, 234);
INSERT INTO DRL_event (id, year, competitionID, locationID)
VALUES (256, '2010', 55, 87);
INSERT INTO DRL_event (id, year, competitionID, locationID)
VALUES (257, '2010', 51, 82);
INSERT INTO DRL_event (id, year, competitionID, locationID)
VALUES (258, '2010', 6, 6);
INSERT INTO DRL_event (id, year, competitionID, locationID)
VALUES (259, '2010', 25, 45);
INSERT INTO DRL_event (id, year, competitionID, locationID)
VALUES (260, '2010', 7, 8);
INSERT INTO DRL_event (id, year, competitionID, locationID)
VALUES (261, '2010', 155, 272);
INSERT INTO DRL_event (id, year, competitionID, locationID)
VALUES (262, '2010', 98, 170);
INSERT INTO DRL_event (id, year, competitionID, locationID)
VALUES (263, '2010', 160, 279);
INSERT INTO DRL_event (id, year, competitionID, locationID)
VALUES (264, '2010', 146, 149);
INSERT INTO DRL_event (id, year, competitionID, locationID)
VALUES (265, '2010', 128, 227);
INSERT INTO DRL_event (id, year, competitionID, locationID)
VALUES (266, '2010', 16, 20);
INSERT INTO DRL_event (id, year, competitionID, locationID)
VALUES (267, '2010', 92, 162);
INSERT INTO DRL_event (id, year, competitionID, locationID)
VALUES (268, '2010', 71, 124);
INSERT INTO DRL_event (id, year, competitionID, locationID)
VALUES (269, '2010', 124, 117);
INSERT INTO DRL_event (id, year, competitionID, locationID)
VALUES (270, '2010', 76, 54);
INSERT INTO DRL_event (id, year, competitionID, locationID)
VALUES (271, '2010', 52, 83);
INSERT INTO DRL_event (id, year, competitionID, locationID)
VALUES (272, '2010', 29, 49);
INSERT INTO DRL_event (id, year, competitionID, locationID)
VALUES (273, '2010', 144, 243);
INSERT INTO DRL_event (id, year, competitionID, locationID)
VALUES (274, '2010', 105, 58);
INSERT INTO DRL_event (id, year, competitionID, locationID)
VALUES (275, '2010', 9, 11);
INSERT INTO DRL_event (id, year, competitionID, locationID)
VALUES (276, '2010', 130, 229);
INSERT INTO DRL_event (id, year, competitionID, locationID)
VALUES (277, '2010', 143, 142);
INSERT INTO DRL_event (id, year, competitionID, locationID)
VALUES (278, '1925', 90, 279);
INSERT INTO DRL_event (id, year, competitionID, locationID)
VALUES (279, '1927', 90, 173);
INSERT INTO DRL_event (id, year, competitionID, locationID)
VALUES (280, '1928', 44, 96);
INSERT INTO DRL_event (id, year, competitionID, locationID)
VALUES (281, '2008', 52, 83);
INSERT INTO DRL_event (id, year, competitionID, locationID)
VALUES (282, '2006', 57, 193);
INSERT INTO DRL_event (id, year, competitionID, locationID)
VALUES (283, '2006', 137, 27);
INSERT INTO DRL_event (id, year, competitionID, locationID)
VALUES (284, '2005', 101, 174);
INSERT INTO DRL_event (id, year, competitionID, locationID)
VALUES (285, '2005', 78, 137);
INSERT INTO DRL_event (id, year, competitionID, locationID)
VALUES (286, '2005', 79, 137);
INSERT INTO DRL_event (id, year, competitionID, locationID)
VALUES (287, '2005', 44, 272);
INSERT INTO DRL_event (id, year, competitionID, locationID)
VALUES (288, '2004', 36, 65);
INSERT INTO DRL_event (id, year, competitionID, locationID)
VALUES (289, '2004', 29, 49);
INSERT INTO DRL_event (id, year, competitionID, locationID)
VALUES (290, '2004', 76, 119);
INSERT INTO DRL_event (id, year, competitionID, locationID)
VALUES (291, '2003', 132, 238);
INSERT INTO DRL_event (id, year, competitionID, locationID)
VALUES (292, '2003', 129, 228);
INSERT INTO DRL_event (id, year, competitionID, locationID)
VALUES (293, '2002', 144, 243);
INSERT INTO DRL_event (id, year, competitionID, locationID)
VALUES (294, '2002', 130, 229);
INSERT INTO DRL_event (id, year, competitionID, locationID)
VALUES (295, '2002', 29, 49);
INSERT INTO DRL_event (id, year, competitionID, locationID)
VALUES (296, '2002', 76, 82);
INSERT INTO DRL_event (id, year, competitionID, locationID)
VALUES (297, '2002', 5, 66);
INSERT INTO DRL_event (id, year, competitionID, locationID)
VALUES (298, '2002', 131, 234);
INSERT INTO DRL_event (id, year, competitionID, locationID)
VALUES (299, '2002', 128, 227);
INSERT INTO DRL_event (id, year, competitionID, locationID)
VALUES (300, '2002', 118, 215);
INSERT INTO DRL_event (id, year, competitionID, locationID)
VALUES (301, '2002', 155, 272);
INSERT INTO DRL_event (id, year, competitionID, locationID)
VALUES (302, '2002', 25, 45);
INSERT INTO DRL_event (id, year, competitionID, locationID)
VALUES (303, '2002', 90, 218);
INSERT INTO DRL_event (id, year, competitionID, locationID)
VALUES (304, '2002', 96, 47);
INSERT INTO DRL_event (id, year, competitionID, locationID)
VALUES (305, '2002', 125, 143);
INSERT INTO DRL_event (id, year, competitionID, locationID)
VALUES (306, '2002', 44, 180);
INSERT INTO DRL_event (id, year, competitionID, locationID)
VALUES (307, '2002', 72, 125);
INSERT INTO DRL_event (id, year, competitionID, locationID)
VALUES (308, '2002', 75, 133);
INSERT INTO DRL_event (id, year, competitionID, locationID)
VALUES (309, '2001', 130, 229);
INSERT INTO DRL_event (id, year, competitionID, locationID)
VALUES (310, '2006', 118, 215);
INSERT INTO DRL_event (id, year, competitionID, locationID)
VALUES (311, '2001', 29, 49);
INSERT INTO DRL_event (id, year, competitionID, locationID)
VALUES (312, '2001', 124, 75);
INSERT INTO DRL_event (id, year, competitionID, locationID)
VALUES (313, '1998', 44, 54);
INSERT INTO DRL_event (id, year, competitionID, locationID)
VALUES (314, '1997', 44, 116);
INSERT INTO DRL_event (id, year, competitionID, locationID)
VALUES (315, '1996', 44, 46);
INSERT INTO DRL_event (id, year, competitionID, locationID)
VALUES (316, '1994', 44, 173);
INSERT INTO DRL_event (id, year, competitionID, locationID)
VALUES (317, '1993', 44, 274);
INSERT INTO DRL_event (id, year, competitionID, locationID)
VALUES (318, '1992', 44, 75);
INSERT INTO DRL_event (id, year, competitionID, locationID)
VALUES (319, '1991', 44, 180);
INSERT INTO DRL_event (id, year, competitionID, locationID)
VALUES (320, '1990', 44, 89);
INSERT INTO DRL_event (id, year, competitionID, locationID)
VALUES (321, '1970', 44, 207);
INSERT INTO DRL_event (id, year, competitionID, locationID)
VALUES (322, '1969', 44, 32);
INSERT INTO DRL_event (id, year, competitionID, locationID)
VALUES (323, '1968', 44, 77);
INSERT INTO DRL_event (id, year, competitionID, locationID)
VALUES (324, '1967', 44, 178);
INSERT INTO DRL_event (id, year, competitionID, locationID)
VALUES (325, '2001', 76, 136);
INSERT INTO DRL_event (id, year, competitionID, locationID)
VALUES (326, '2001', 87, 156);
INSERT INTO DRL_event (id, year, competitionID, locationID)
VALUES (327, '2010', 132, 238);
INSERT INTO DRL_event (id, year, competitionID, locationID)
VALUES (328, '2010', 133, 238);
INSERT INTO DRL_event (id, year, competitionID, locationID)
VALUES (329, '2010', 78, 137);
INSERT INTO DRL_event (id, year, competitionID, locationID)
VALUES (330, '2010', 79, 137);
INSERT INTO DRL_event (id, year, competitionID, locationID)
VALUES (331, '2001', 21, 33);
INSERT INTO DRL_event (id, year, competitionID, locationID)
VALUES (332, '2001', 118, 215);
INSERT INTO DRL_event (id, year, competitionID, locationID)
VALUES (333, '2001', 104, 40);
INSERT INTO DRL_event (id, year, competitionID, locationID)
VALUES (334, '2001', 72, 125);
INSERT INTO DRL_event (id, year, competitionID, locationID)
VALUES (335, '2001', 75, 133);
INSERT INTO DRL_event (id, year, competitionID, locationID)
VALUES (336, '2000', 78, 137);
INSERT INTO DRL_event (id, year, competitionID, locationID)
VALUES (337, '2000', 79, 137);
INSERT INTO DRL_event (id, year, competitionID, locationID)
VALUES (338, '2000', 133, 238);
INSERT INTO DRL_event (id, year, competitionID, locationID)
VALUES (339, '2000', 144, 243);
INSERT INTO DRL_event (id, year, competitionID, locationID)
VALUES (340, '2000', 124, 55);
INSERT INTO DRL_event (id, year, competitionID, locationID)
VALUES (341, '2000', 76, 133);
INSERT INTO DRL_event (id, year, competitionID, locationID)
VALUES (342, '2000', 5, 66);
INSERT INTO DRL_event (id, year, competitionID, locationID)
VALUES (343, '2000', 131, 234);
INSERT INTO DRL_event (id, year, competitionID, locationID)
VALUES (344, '2000', 87, 156);
INSERT INTO DRL_event (id, year, competitionID, locationID)
VALUES (345, '2000', 21, 33);
INSERT INTO DRL_event (id, year, competitionID, locationID, isUnusualTower)
VALUES (346, '2000', 155, 120, 1);
INSERT INTO DRL_event (id, year, competitionID, locationID)
VALUES (347, '2000', 123, 222);
INSERT INTO DRL_event (id, year, competitionID, locationID)
VALUES (348, '2000', 57, 193);
INSERT INTO DRL_event (id, year, competitionID, locationID)
VALUES (349, '2000', 129, 228);
INSERT INTO DRL_event (id, year, competitionID, locationID)
VALUES (350, '2000', 90, 57);
INSERT INTO DRL_event (id, year, competitionID, locationID)
VALUES (351, '2000', 125, 126);
INSERT INTO DRL_event (id, year, competitionID, locationID)
VALUES (352, '2000', 44, 5);
INSERT INTO DRL_event (id, year, competitionID, locationID)
VALUES (353, '2000', 72, 125);
INSERT INTO DRL_event (id, year, competitionID, locationID)
VALUES (354, '2000', 136, 121);
INSERT INTO DRL_event (id, year, competitionID, locationID)
VALUES (355, '2000', 137, 121);
INSERT INTO DRL_event (id, year, competitionID, locationID)
VALUES (356, '2000', 38, 70);
INSERT INTO DRL_event (id, year, competitionID, locationID)
VALUES (357, '1999', 79, 137);
INSERT INTO DRL_event (id, year, competitionID, locationID)
VALUES (358, '1999', 133, 238);
INSERT INTO DRL_event (id, year, competitionID, locationID)
VALUES (359, '1999', 144, 243);
INSERT INTO DRL_event (id, year, competitionID, locationID)
VALUES (360, '1999', 124, 248);
INSERT INTO DRL_event (id, year, competitionID, locationID)
VALUES (361, '1999', 76, 87);
INSERT INTO DRL_event (id, year, competitionID, locationID)
VALUES (362, '1999', 131, 234);
INSERT INTO DRL_event (id, year, competitionID, locationID)
VALUES (363, '1999', 11, 221);
INSERT INTO DRL_event (id, year, competitionID, locationID)
VALUES (364, '1999', 87, 156);
INSERT INTO DRL_event (id, year, competitionID, locationID)
VALUES (365, '1999', 21, 33);
INSERT INTO DRL_event (id, year, competitionID, locationID)
VALUES (366, '1999', 118, 215);
INSERT INTO DRL_event (id, year, competitionID, locationID)
VALUES (367, '1999', 53, 84);
INSERT INTO DRL_event (id, year, competitionID, locationID)
VALUES (368, '1999', 155, 272);
INSERT INTO DRL_event (id, year, competitionID, locationID)
VALUES (369, '1999', 82, 144);
INSERT INTO DRL_event (id, year, competitionID, locationID)
VALUES (370, '1999', 152, 263);
INSERT INTO DRL_event (id, year, competitionID, locationID)
VALUES (371, '1999', 86, 151);
INSERT INTO DRL_event (id, year, competitionID, locationID)
VALUES (372, '1999', 57, 193);
INSERT INTO DRL_event (id, year, competitionID, locationID)
VALUES (373, '1999', 90, 172);
INSERT INTO DRL_event (id, year, competitionID, locationID)
VALUES (374, '1999', 125, 163);
INSERT INTO DRL_event (id, year, competitionID, locationID)
VALUES (375, '1999', 44, 10);
INSERT INTO DRL_event (id, year, competitionID, locationID)
VALUES (376, '1999', 136, 121);
INSERT INTO DRL_event (id, year, competitionID, locationID)
VALUES (377, '1999', 137, 121);
INSERT INTO DRL_event (id, year, competitionID, locationID)
VALUES (378, '1999', 72, 125);
INSERT INTO DRL_event (id, year, competitionID, locationID)
VALUES (379, '1999', 38, 70);
INSERT INTO DRL_event (id, year, competitionID, locationID, isUnusualTower)
VALUES (380, '2010', 85, 259, 1);
INSERT INTO DRL_event (id, year, competitionID, locationID)
VALUES (381, '1998', 79, 137);
INSERT INTO DRL_event (id, year, competitionID, locationID)
VALUES (382, '1998', 133, 238);
INSERT INTO DRL_event (id, year, competitionID, locationID)
VALUES (383, '1998', 143, 242);
INSERT INTO DRL_event (id, year, competitionID, locationID)
VALUES (384, '1998', 124, 131);
INSERT INTO DRL_event (id, year, competitionID, locationID)
VALUES (385, '1998', 76, 243);
INSERT INTO DRL_event (id, year, competitionID, locationID)
VALUES (386, '1998', 131, 234);
INSERT INTO DRL_event (id, year, competitionID, locationID)
VALUES (387, '1998', 11, 118);
INSERT INTO DRL_event (id, year, competitionID, locationID)
VALUES (388, '1998', 128, 227);
INSERT INTO DRL_event (id, year, competitionID, locationID)
VALUES (389, '1998', 5, 43);
INSERT INTO DRL_event (id, year, competitionID, locationID)
VALUES (390, '1998', 53, 84);
INSERT INTO DRL_event (id, year, competitionID, locationID)
VALUES (391, '1998', 87, 156);
INSERT INTO DRL_event (id, year, competitionID, locationID)
VALUES (392, '1998', 21, 33);
INSERT INTO DRL_event (id, year, competitionID, locationID)
VALUES (393, '1998', 118, 215);
INSERT INTO DRL_event (id, year, competitionID, locationID)
VALUES (394, '1998', 155, 272);
INSERT INTO DRL_event (id, year, competitionID, locationID)
VALUES (395, '1998', 82, 144);
INSERT INTO DRL_event (id, year, competitionID, locationID)
VALUES (396, '1998', 152, 263);
INSERT INTO DRL_event (id, year, competitionID, locationID)
VALUES (397, '1998', 56, 79);
INSERT INTO DRL_event (id, year, competitionID, locationID)
VALUES (398, '1998', 123, 222);
INSERT INTO DRL_event (id, year, competitionID, locationID)
VALUES (399, '1998', 57, 193);
INSERT INTO DRL_event (id, year, competitionID, locationID)
VALUES (400, '1998', 96, 269);
INSERT INTO DRL_event (id, year, competitionID, locationID)
VALUES (401, '1998', 90, 211);
INSERT INTO DRL_event (id, year, competitionID, locationID)
VALUES (402, '1998', 108, 259);
INSERT INTO DRL_event (id, year, competitionID, locationID)
VALUES (403, '1998', 125, 155);
INSERT INTO DRL_event (id, year, competitionID, locationID)
VALUES (404, '1998', 144, 243);
INSERT INTO DRL_event (id, year, competitionID, locationID)
VALUES (405, '1997', 11, 73);
INSERT INTO DRL_event (id, year, competitionID, locationID)
VALUES (406, '1997', 87, 156);
INSERT INTO DRL_event (id, year, competitionID, locationID)
VALUES (407, '1997', 21, 33);
INSERT INTO DRL_event (id, year, competitionID, locationID)
VALUES (408, '1997', 118, 215);
INSERT INTO DRL_event (id, year, competitionID, locationID)
VALUES (409, '1997', 155, 272);
INSERT INTO DRL_event (id, year, competitionID, locationID)
VALUES (410, '1997', 56, 133);
INSERT INTO DRL_event (id, year, competitionID, locationID)
VALUES (411, '1997', 152, 263);
INSERT INTO DRL_event (id, year, competitionID, locationID)
VALUES (412, '1997', 57, 193);
INSERT INTO DRL_event (id, year, competitionID, locationID)
VALUES (413, '1997', 90, 239);
INSERT INTO DRL_event (id, year, competitionID, locationID)
VALUES (414, '1997', 32, 52);
INSERT INTO DRL_event (id, year, competitionID, locationID)
VALUES (415, '1997', 150, 257);
INSERT INTO DRL_event (id, year, competitionID, locationID)
VALUES (416, '1997', 153, 264);
INSERT INTO DRL_event (id, year, competitionID, locationID)
VALUES (417, '1997', 31, 52);
INSERT INTO DRL_event (id, year, competitionID, locationID)
VALUES (418, '1997', 108, 209);
INSERT INTO DRL_event (id, year, competitionID, locationID)
VALUES (419, '1997', 125, 86);
INSERT INTO DRL_event (id, year, competitionID, locationID)
VALUES (420, '1997', 113, 201);
INSERT INTO DRL_event (id, year, competitionID, locationID)
VALUES (421, '1997', 74, 129);
INSERT INTO DRL_event (id, year, competitionID, locationID)
VALUES (422, '1997', 38, 70);
INSERT INTO DRL_event (id, year, competitionID, locationID)
VALUES (423, '1997', 144, 243);
INSERT INTO DRL_event (id, year, competitionID, locationID)
VALUES (424, '1996', 56, 263);
INSERT INTO DRL_event (id, year, competitionID, locationID)
VALUES (425, '1996', 124, 176);
INSERT INTO DRL_event (id, year, competitionID, locationID)
VALUES (426, '1996', 76, 271);
INSERT INTO DRL_event (id, year, competitionID, locationID)
VALUES (427, '1996', 131, 234);
INSERT INTO DRL_event (id, year, competitionID, locationID)
VALUES (428, '1996', 11, 251);
INSERT INTO DRL_event (id, year, competitionID, locationID)
VALUES (429, '1996', 128, 227);
INSERT INTO DRL_event (id, year, competitionID, locationID)
VALUES (430, '1996', 5, 196);
INSERT INTO DRL_event (id, year, competitionID, locationID)
VALUES (431, '1996', 119, 216);
INSERT INTO DRL_event (id, year, competitionID, locationID)
VALUES (432, '1996', 94, 165);
INSERT INTO DRL_event (id, year, competitionID, locationID)
VALUES (433, '1996', 87, 156);
INSERT INTO DRL_event (id, year, competitionID, locationID)
VALUES (434, '1996', 21, 33);
INSERT INTO DRL_event (id, year, competitionID, locationID)
VALUES (435, '1996', 118, 215);
INSERT INTO DRL_event (id, year, competitionID, locationID)
VALUES (436, '1996', 155, 272);
INSERT INTO DRL_event (id, year, competitionID, locationID)
VALUES (437, '1996', 152, 263);
INSERT INTO DRL_event (id, year, competitionID, locationID)
VALUES (438, '1996', 123, 222);
INSERT INTO DRL_event (id, year, competitionID, locationID)
VALUES (439, '1996', 57, 193);
INSERT INTO DRL_event (id, year, competitionID, locationID)
VALUES (440, '1996', 129, 228);
INSERT INTO DRL_event (id, year, competitionID, locationID)
VALUES (441, '1996', 90, 13);
INSERT INTO DRL_event (id, year, competitionID, locationID)
VALUES (442, '1996', 108, 23);
INSERT INTO DRL_event (id, year, competitionID, locationID)
VALUES (443, '1996', 125, 235);
INSERT INTO DRL_event (id, year, competitionID, locationID)
VALUES (444, '1996', 113, 201);
INSERT INTO DRL_event (id, year, competitionID, locationID)
VALUES (445, '1996', 72, 125);
INSERT INTO DRL_event (id, year, competitionID, locationID)
VALUES (446, '1996', 38, 70);
INSERT INTO DRL_event (id, year, competitionID, locationID)
VALUES (447, '1995', 143, 242);
INSERT INTO DRL_event (id, year, competitionID, locationID)
VALUES (448, '1995', 124, 46);
INSERT INTO DRL_event (id, year, competitionID, locationID)
VALUES (449, '1995', 82, 144);
INSERT INTO DRL_event (id, year, competitionID, locationID)
VALUES (450, '1995', 76, 126);
INSERT INTO DRL_event (id, year, competitionID, locationID)
VALUES (451, '1995', 5, 66);
INSERT INTO DRL_event (id, year, competitionID, locationID)
VALUES (452, '1995', 131, 234);
INSERT INTO DRL_event (id, year, competitionID, locationID)
VALUES (453, '1995', 11, 204);
INSERT INTO DRL_event (id, year, competitionID, locationID)
VALUES (454, '1995', 128, 227);
INSERT INTO DRL_event (id, year, competitionID, locationID)
VALUES (455, '1995', 119, 216);
INSERT INTO DRL_event (id, year, competitionID, locationID)
VALUES (456, '1995', 94, 165);
INSERT INTO DRL_event (id, year, competitionID, locationID)
VALUES (457, '1995', 87, 156);
INSERT INTO DRL_event (id, year, competitionID, locationID)
VALUES (458, '1995', 21, 33);
INSERT INTO DRL_event (id, year, competitionID, locationID)
VALUES (459, '1995', 118, 215);
INSERT INTO DRL_event (id, year, competitionID, locationID)
VALUES (460, '1995', 155, 272);
INSERT INTO DRL_event (id, year, competitionID, locationID)
VALUES (461, '1995', 56, 43);
INSERT INTO DRL_event (id, year, competitionID, locationID)
VALUES (462, '1995', 152, 263);
INSERT INTO DRL_event (id, year, competitionID, locationID)
VALUES (463, '1995', 123, 222);
INSERT INTO DRL_event (id, year, competitionID, locationID)
VALUES (464, '1995', 86, 151);
INSERT INTO DRL_event (id, year, competitionID, locationID)
VALUES (465, '1995', 57, 193);
INSERT INTO DRL_event (id, year, competitionID, locationID)
VALUES (466, '1995', 96, 24);
INSERT INTO DRL_event (id, year, competitionID, locationID)
VALUES (467, '1995', 90, 227);
INSERT INTO DRL_event (id, year, competitionID, locationID)
VALUES (468, '1995', 32, 52);
INSERT INTO DRL_event (id, year, competitionID, locationID)
VALUES (469, '1995', 150, 257);
INSERT INTO DRL_event (id, year, competitionID, locationID)
VALUES (470, '1995', 153, 264);
INSERT INTO DRL_event (id, year, competitionID, locationID)
VALUES (471, '1995', 31, 52);
INSERT INTO DRL_event (id, year, competitionID, locationID)
VALUES (472, '1995', 108, 150);
INSERT INTO DRL_event (id, year, competitionID, locationID)
VALUES (473, '1995', 125, 236);
INSERT INTO DRL_event (id, year, competitionID, locationID)
VALUES (474, '1995', 44, 107);
INSERT INTO DRL_event (id, year, competitionID, locationID)
VALUES (475, '1995', 38, 70);
INSERT INTO DRL_event (id, year, competitionID, locationID)
VALUES (476, '1994', 143, 242);
INSERT INTO DRL_event (id, year, competitionID, locationID)
VALUES (477, '1994', 76, 252);
INSERT INTO DRL_event (id, year, competitionID, locationID)
VALUES (478, '1994', 131, 234);
INSERT INTO DRL_event (id, year, competitionID, locationID)
VALUES (479, '1994', 11, 76);
INSERT INTO DRL_event (id, year, competitionID, locationID)
VALUES (480, '1994', 128, 227);
INSERT INTO DRL_event (id, year, competitionID, locationID)
VALUES (481, '1994', 119, 216);
INSERT INTO DRL_event (id, year, competitionID, locationID)
VALUES (482, '1994', 94, 165);
INSERT INTO DRL_event (id, year, competitionID, locationID)
VALUES (483, '1994', 87, 156);
INSERT INTO DRL_event (id, year, competitionID, locationID)
VALUES (484, '1994', 21, 33);
INSERT INTO DRL_event (id, year, competitionID, locationID)
VALUES (485, '1994', 118, 215);
INSERT INTO DRL_event (id, year, competitionID, locationID)
VALUES (486, '1994', 155, 272);
INSERT INTO DRL_event (id, year, competitionID, locationID)
VALUES (487, '1994', 152, 263);
INSERT INTO DRL_event (id, year, competitionID, locationID)
VALUES (488, '1994', 123, 222);
INSERT INTO DRL_event (id, year, competitionID, locationID)
VALUES (489, '1994', 90, 168);
INSERT INTO DRL_event (id, year, competitionID, locationID)
VALUES (490, '1994', 108, 30);
INSERT INTO DRL_event (id, year, competitionID, locationID)
VALUES (491, '1994', 125, 71);
INSERT INTO DRL_event (id, year, competitionID, locationID)
VALUES (492, '1994', 72, 125);
INSERT INTO DRL_event (id, year, competitionID, locationID)
VALUES (493, '1994', 38, 70);
INSERT INTO DRL_event (id, year, competitionID, locationID)
VALUES (494, '1993', 79, 137);
INSERT INTO DRL_event (id, year, competitionID, locationID)
VALUES (495, '1993', 78, 137);
INSERT INTO DRL_event (id, year, competitionID, locationID)
VALUES (496, '1993', 127, 225);
INSERT INTO DRL_event (id, year, competitionID, locationID)
VALUES (497, '1993', 98, 170);
INSERT INTO DRL_event (id, year, competitionID, locationID)
VALUES (498, '1993', 124, 148);
INSERT INTO DRL_event (id, year, competitionID, locationID)
VALUES (499, '1993', 76, 266);
INSERT INTO DRL_event (id, year, competitionID, locationID)
VALUES (500, '1993', 131, 234);
INSERT INTO DRL_event (id, year, competitionID, locationID)
VALUES (501, '1993', 11, 246);
INSERT INTO DRL_event (id, year, competitionID, locationID)
VALUES (502, '1993', 128, 227);
INSERT INTO DRL_event (id, year, competitionID, locationID)
VALUES (503, '1993', 119, 216);
INSERT INTO DRL_event (id, year, competitionID, locationID)
VALUES (504, '1993', 94, 165);
INSERT INTO DRL_event (id, year, competitionID, locationID)
VALUES (505, '1993', 87, 156);
INSERT INTO DRL_event (id, year, competitionID, locationID)
VALUES (506, '1993', 21, 33);
INSERT INTO DRL_event (id, year, competitionID, locationID)
VALUES (507, '1993', 118, 215);
INSERT INTO DRL_event (id, year, competitionID, locationID)
VALUES (508, '1993', 155, 272);
INSERT INTO DRL_event (id, year, competitionID, locationID)
VALUES (509, '1993', 152, 263);
INSERT INTO DRL_event (id, year, competitionID, locationID)
VALUES (510, '1993', 5, 79);
INSERT INTO DRL_event (id, year, competitionID, locationID)
VALUES (511, '1993', 123, 222);
INSERT INTO DRL_event (id, year, competitionID, locationID)
VALUES (512, '1993', 96, 157);
INSERT INTO DRL_event (id, year, competitionID, locationID)
VALUES (513, '1993', 82, 144);
INSERT INTO DRL_event (id, year, competitionID, locationID)
VALUES (514, '1993', 90, 94);
INSERT INTO DRL_event (id, year, competitionID, locationID)
VALUES (515, '1993', 32, 52);
INSERT INTO DRL_event (id, year, competitionID, locationID)
VALUES (516, '1993', 153, 264);
INSERT INTO DRL_event (id, year, competitionID, locationID)
VALUES (517, '1993', 150, 257);
INSERT INTO DRL_event (id, year, competitionID, locationID)
VALUES (518, '1993', 31, 52);
INSERT INTO DRL_event (id, year, competitionID, locationID)
VALUES (519, '1993', 108, 42);
INSERT INTO DRL_event (id, year, competitionID, locationID)
VALUES (520, '1993', 125, 278);
INSERT INTO DRL_event (id, year, competitionID, locationID)
VALUES (521, '1993', 74, 177);
INSERT INTO DRL_event (id, year, competitionID, locationID)
VALUES (522, '1993', 38, 70);
INSERT INTO DRL_event (id, year, competitionID, locationID)
VALUES (523, '1993', 72, 125);
INSERT INTO DRL_event (id, year, competitionID, locationID)
VALUES (524, '1992', 127, 225);
INSERT INTO DRL_event (id, year, competitionID, locationID)
VALUES (525, '1992', 143, 242);
INSERT INTO DRL_event (id, year, competitionID, locationID)
VALUES (526, '1992', 124, 44);
INSERT INTO DRL_event (id, year, competitionID, locationID)
VALUES (527, '1992', 71, 124);
INSERT INTO DRL_event (id, year, competitionID, locationID)
VALUES (528, '1992', 76, 34);
INSERT INTO DRL_event (id, year, competitionID, locationID)
VALUES (529, '1992', 11, 214);
INSERT INTO DRL_event (id, year, competitionID, locationID)
VALUES (530, '1992', 128, 227);
INSERT INTO DRL_event (id, year, competitionID, locationID)
VALUES (531, '1992', 5, 140);
INSERT INTO DRL_event (id, year, competitionID, locationID)
VALUES (532, '1992', 119, 216);
INSERT INTO DRL_event (id, year, competitionID, locationID)
VALUES (533, '1992', 94, 165);
INSERT INTO DRL_event (id, year, competitionID, locationID)
VALUES (534, '1992', 56, 263);
INSERT INTO DRL_event (id, year, competitionID, locationID)
VALUES (535, '1992', 123, 222);
INSERT INTO DRL_event (id, year, competitionID, locationID)
VALUES (536, '1992', 144, 243);
INSERT INTO DRL_event (id, year, competitionID, locationID)
VALUES (537, '1992', 96, 97);
INSERT INTO DRL_event (id, year, competitionID, locationID)
VALUES (538, '1992', 90, 272);
INSERT INTO DRL_event (id, year, competitionID, locationID)
VALUES (539, '1992', 108, 189);
INSERT INTO DRL_event (id, year, competitionID, locationID)
VALUES (540, '1992', 125, 256);
INSERT INTO DRL_event (id, year, competitionID, locationID)
VALUES (541, '1992', 38, 70);
INSERT INTO DRL_event (id, year, competitionID, locationID)
VALUES (542, '1992', 72, 125);
INSERT INTO DRL_event (id, year, competitionID, locationID)
VALUES (543, '1991', 143, 242);
INSERT INTO DRL_event (id, year, competitionID, locationID)
VALUES (544, '1991', 76, 54);
INSERT INTO DRL_event (id, year, competitionID, locationID)
VALUES (545, '1991', 11, 204);
INSERT INTO DRL_event (id, year, competitionID, locationID)
VALUES (546, '1991', 128, 227);
INSERT INTO DRL_event (id, year, competitionID, locationID)
VALUES (547, '1991', 55, 87);
INSERT INTO DRL_event (id, year, competitionID, locationID)
VALUES (548, '1991', 87, 156);
INSERT INTO DRL_event (id, year, competitionID, locationID)
VALUES (549, '1991', 21, 33);
INSERT INTO DRL_event (id, year, competitionID, locationID)
VALUES (550, '1991', 118, 215);
INSERT INTO DRL_event (id, year, competitionID, locationID)
VALUES (551, '1991', 123, 222);
INSERT INTO DRL_event (id, year, competitionID, locationID)
VALUES (552, '1991', 56, 79);
INSERT INTO DRL_event (id, year, competitionID, locationID)
VALUES (553, '1991', 57, 193);
INSERT INTO DRL_event (id, year, competitionID, locationID)
VALUES (554, '1991', 96, 245);
INSERT INTO DRL_event (id, year, competitionID, locationID)
VALUES (555, '1991', 90, 213);
INSERT INTO DRL_event (id, year, competitionID, locationID)
VALUES (556, '1991', 108, 39);
INSERT INTO DRL_event (id, year, competitionID, locationID)
VALUES (557, '1991', 125, 12);
INSERT INTO DRL_event (id, year, competitionID, locationID)
VALUES (558, '1991', 38, 70);
INSERT INTO DRL_event (id, year, competitionID, locationID)
VALUES (559, '1991', 72, 125);
INSERT INTO DRL_event (id, year, competitionID, locationID)
VALUES (560, '1990', 124, 142);
INSERT INTO DRL_event (id, year, competitionID, locationID)
VALUES (561, '1990', 76, 119);
INSERT INTO DRL_event (id, year, competitionID, locationID)
VALUES (562, '1990', 11, 204);
INSERT INTO DRL_event (id, year, competitionID, locationID)
VALUES (563, '1990', 118, 215);
INSERT INTO DRL_event (id, year, competitionID, locationID)
VALUES (564, '1990', 5, 140);
INSERT INTO DRL_event (id, year, competitionID, locationID)
VALUES (565, '1990', 56, 263);
INSERT INTO DRL_event (id, year, competitionID, locationID)
VALUES (566, '1990', 144, 243);
INSERT INTO DRL_event (id, year, competitionID, locationID)
VALUES (567, '1990', 123, 222);
INSERT INTO DRL_event (id, year, competitionID, locationID)
VALUES (568, '1990', 129, 228);
INSERT INTO DRL_event (id, year, competitionID, locationID)
VALUES (569, '1990', 96, 259);
INSERT INTO DRL_event (id, year, competitionID, locationID)
VALUES (570, '1990', 90, 126);
INSERT INTO DRL_event (id, year, competitionID, locationID, isUnusualTower)
VALUES (571, '1990', 32, 224, 1);
INSERT INTO DRL_event (id, year, competitionID, locationID)
VALUES (572, '1990', 108, 64);
INSERT INTO DRL_event (id, year, competitionID, locationID)
VALUES (573, '1990', 125, 141);
INSERT INTO DRL_event (id, year, competitionID, locationID)
VALUES (574, '1990', 72, 125);
INSERT INTO DRL_event (id, year, competitionID, locationID)
VALUES (575, '1990', 38, 70);
INSERT INTO DRL_event (id, year, competitionID, locationID)
VALUES (576, '1989', 143, 242);
INSERT INTO DRL_event (id, year, competitionID, locationID)
VALUES (577, '1989', 124, 43);
INSERT INTO DRL_event (id, year, competitionID, locationID)
VALUES (578, '1989', 76, 101);
INSERT INTO DRL_event (id, year, competitionID, locationID)
VALUES (579, '1989', 11, 168);
INSERT INTO DRL_event (id, year, competitionID, locationID)
VALUES (580, '1989', 87, 156);
INSERT INTO DRL_event (id, year, competitionID, locationID)
VALUES (581, '1989', 21, 33);
INSERT INTO DRL_event (id, year, competitionID, locationID)
VALUES (582, '1989', 118, 215);
INSERT INTO DRL_event (id, year, competitionID, locationID)
VALUES (583, '1989', 155, 272);
INSERT INTO DRL_event (id, year, competitionID, locationID)
VALUES (584, '1989', 2, 96);
INSERT INTO DRL_event (id, year, competitionID, locationID)
VALUES (585, '1989', 144, 243);
INSERT INTO DRL_event (id, year, competitionID, locationID)
VALUES (586, '1989', 96, 187);
INSERT INTO DRL_event (id, year, competitionID, locationID)
VALUES (587, '1989', 90, 228);
INSERT INTO DRL_event (id, year, competitionID, locationID)
VALUES (588, '1989', 108, 130);
INSERT INTO DRL_event (id, year, competitionID, locationID)
VALUES (589, '1989', 125, 61);
INSERT INTO DRL_event (id, year, competitionID, locationID)
VALUES (590, '1989', 44, 56);
INSERT INTO DRL_event (id, year, competitionID, locationID)
VALUES (591, '1989', 137, 121);
INSERT INTO DRL_event (id, year, competitionID, locationID)
VALUES (592, '1988', 124, 196);
INSERT INTO DRL_event (id, year, competitionID, locationID)
VALUES (593, '1988', 76, 50);
INSERT INTO DRL_event (id, year, competitionID, locationID)
VALUES (594, '1988', 11, 86);
INSERT INTO DRL_event (id, year, competitionID, locationID)
VALUES (595, '1988', 128, 227);
INSERT INTO DRL_event (id, year, competitionID, locationID)
VALUES (596, '1988', 87, 156);
INSERT INTO DRL_event (id, year, competitionID, locationID)
VALUES (597, '1988', 21, 33);
INSERT INTO DRL_event (id, year, competitionID, locationID)
VALUES (598, '1988', 118, 215);
INSERT INTO DRL_event (id, year, competitionID, locationID)
VALUES (599, '1988', 144, 243);
INSERT INTO DRL_event (id, year, competitionID, locationID)
VALUES (600, '1988', 86, 151);
INSERT INTO DRL_event (id, year, competitionID, locationID)
VALUES (601, '1988', 96, 6);
INSERT INTO DRL_event (id, year, competitionID, locationID)
VALUES (602, '1988', 90, 79);
INSERT INTO DRL_event (id, year, competitionID, locationID)
VALUES (603, '1988', 108, 229);
INSERT INTO DRL_event (id, year, competitionID, locationID)
VALUES (604, '1988', 125, 33);
INSERT INTO DRL_event (id, year, competitionID, locationID)
VALUES (605, '1988', 113, 201);
INSERT INTO DRL_event (id, year, competitionID, locationID)
VALUES (606, '1988', 44, 194);
INSERT INTO DRL_event (id, year, competitionID, locationID)
VALUES (607, '1988', 72, 125);
INSERT INTO DRL_event (id, year, competitionID, locationID)
VALUES (608, '1988', 38, 70);
INSERT INTO DRL_event (id, year, competitionID, locationID)
VALUES (609, '1987', 124, 180);
INSERT INTO DRL_event (id, year, competitionID, locationID)
VALUES (610, '1987', 76, 204);
INSERT INTO DRL_event (id, year, competitionID, locationID)
VALUES (611, '1987', 11, 236);
INSERT INTO DRL_event (id, year, competitionID, locationID)
VALUES (612, '1987', 87, 156);
INSERT INTO DRL_event (id, year, competitionID, locationID)
VALUES (613, '1987', 21, 33);
INSERT INTO DRL_event (id, year, competitionID, locationID)
VALUES (614, '1987', 118, 215);
INSERT INTO DRL_event (id, year, competitionID, locationID)
VALUES (615, '1987', 86, 151);
INSERT INTO DRL_event (id, year, competitionID, locationID)
VALUES (616, '1987', 96, 78);
INSERT INTO DRL_event (id, year, competitionID, locationID)
VALUES (617, '1987', 90, 134);
INSERT INTO DRL_event (id, year, competitionID, locationID)
VALUES (618, '1987', 32, 52);
INSERT INTO DRL_event (id, year, competitionID, locationID)
VALUES (619, '1987', 108, 218);
INSERT INTO DRL_event (id, year, competitionID, locationID)
VALUES (620, '1987', 125, 136);
INSERT INTO DRL_event (id, year, competitionID, locationID)
VALUES (621, '1987', 113, 201);
INSERT INTO DRL_event (id, year, competitionID, locationID)
VALUES (622, '1987', 44, 244);
INSERT INTO DRL_event (id, year, competitionID, locationID)
VALUES (623, '1987', 72, 125);
INSERT INTO DRL_event (id, year, competitionID, locationID)
VALUES (624, '1986', 82, 144);
INSERT INTO DRL_event (id, year, competitionID, locationID)
VALUES (625, '1986', 117, 214);
INSERT INTO DRL_event (id, year, competitionID, locationID)
VALUES (626, '1986', 13, 16);
INSERT INTO DRL_event (id, year, competitionID, locationID)
VALUES (627, '1986', 76, 87);
INSERT INTO DRL_event (id, year, competitionID, locationID)
VALUES (628, '1986', 11, 155);
INSERT INTO DRL_event (id, year, competitionID, locationID)
VALUES (629, '1986', 128, 227);
INSERT INTO DRL_event (id, year, competitionID, locationID)
VALUES (630, '1986', 120, 218);
INSERT INTO DRL_event (id, year, competitionID, locationID)
VALUES (631, '1986', 87, 156);
INSERT INTO DRL_event (id, year, competitionID, locationID)
VALUES (632, '1986', 21, 33);
INSERT INTO DRL_event (id, year, competitionID, locationID)
VALUES (633, '1986', 118, 215);
INSERT INTO DRL_event (id, year, competitionID, locationID)
VALUES (634, '1986', 155, 272);
INSERT INTO DRL_event (id, year, competitionID, locationID)
VALUES (635, '1986', 56, 43);
INSERT INTO DRL_event (id, year, competitionID, locationID)
VALUES (636, '1986', 86, 151);
INSERT INTO DRL_event (id, year, competitionID, locationID)
VALUES (637, '1986', 90, 270);
INSERT INTO DRL_event (id, year, competitionID, locationID)
VALUES (638, '1986', 108, 228);
INSERT INTO DRL_event (id, year, competitionID, locationID)
VALUES (639, '1986', 125, 233);
INSERT INTO DRL_event (id, year, competitionID, locationID)
VALUES (640, '1986', 44, 131);
INSERT INTO DRL_event (id, year, competitionID, locationID)
VALUES (641, '1986', 136, 121);
INSERT INTO DRL_event (id, year, competitionID, locationID)
VALUES (642, '2010', 135, 144);
INSERT INTO DRL_event (id, year, competitionID, locationID)
VALUES (643, '2010', 137, 144);
INSERT INTO DRL_event (id, year, competitionID, locationID)
VALUES (644, '2011', 72, 125);
INSERT INTO DRL_event (id, year, competitionID, locationID)
VALUES (645, '2011', 138, 42);
INSERT INTO DRL_event (id, year, competitionID, locationID)
VALUES (646, '2011', 139, 42);
INSERT INTO DRL_event (id, year, competitionID, locationID)
VALUES (647, '2011', 145, 245);
INSERT INTO DRL_event (id, year, competitionID, locationID)
VALUES (648, '2011', 74, 256);
INSERT INTO DRL_event (id, year, competitionID, locationID)
VALUES (649, '2011', 44, 43);
INSERT INTO DRL_event (id, year, competitionID, locationID)
VALUES (650, '1986', 113, 201);
INSERT INTO DRL_event (id, year, competitionID, locationID)
VALUES (651, '1986', 154, 265);
INSERT INTO DRL_event (id, year, competitionID, locationID)
VALUES (652, '2011', 148, 73);
INSERT INTO DRL_event (id, year, competitionID, locationID)
VALUES (653, '2011', 158, 211);
INSERT INTO DRL_event (id, year, competitionID, locationID)
VALUES (654, '2011', 108, 218);
INSERT INTO DRL_event (id, year, competitionID, locationID)
VALUES (655, '2011', 125, 87);
INSERT INTO DRL_event (id, year, competitionID, locationID)
VALUES (656, '2011', 96, 174);
INSERT INTO DRL_event (id, year, competitionID, locationID)
VALUES (657, '2011', 110, 156);
INSERT INTO DRL_event (id, year, competitionID, locationID)
VALUES (658, '2011', 112, 198);
INSERT INTO DRL_event (id, year, competitionID, locationID)
VALUES (659, '2011', 90, 263);
INSERT INTO DRL_event (id, year, competitionID, locationID)
VALUES (660, '2011', 19, 26);
INSERT INTO DRL_event (id, year, competitionID, locationID)
VALUES (661, '2011', 54, 85);
INSERT INTO DRL_event (id, year, competitionID, locationID)
VALUES (662, '2011', 129, 228);
INSERT INTO DRL_event (id, year, competitionID, locationID)
VALUES (663, '2011', 11, 278);
INSERT INTO DRL_event (id, year, competitionID, locationID)
VALUES (664, '2011', 131, 234);
INSERT INTO DRL_event (id, year, competitionID, locationID)
VALUES (665, '2011', 5, 66);
INSERT INTO DRL_event (id, year, competitionID, locationID)
VALUES (666, '2011', 55, 87);
INSERT INTO DRL_event (id, year, competitionID, locationID)
VALUES (667, '2011', 51, 82);
INSERT INTO DRL_event (id, year, competitionID, locationID)
VALUES (668, '2011', 123, 222);
INSERT INTO DRL_event (id, year, competitionID, locationID)
VALUES (669, '1972', 46, 231);
INSERT INTO DRL_event (id, year, competitionID, locationID)
VALUES (670, '2011', 6, 6);
INSERT INTO DRL_event (id, year, competitionID, locationID)
VALUES (671, '2011', 7, 8);
INSERT INTO DRL_event (id, year, competitionID, locationID)
VALUES (672, '2011', 25, 45);
INSERT INTO DRL_event (id, year, competitionID, locationID)
VALUES (673, '2011', 146, 190);
INSERT INTO DRL_event (id, year, competitionID, locationID)
VALUES (674, '2011', 155, 272);
INSERT INTO DRL_event (id, year, competitionID, locationID)
VALUES (675, '2011', 98, 170);
INSERT INTO DRL_event (id, year, competitionID, locationID)
VALUES (676, '2011', 59, 106);
INSERT INTO DRL_event (id, year, competitionID, locationID)
VALUES (677, '2011', 62, 109);
INSERT INTO DRL_event (id, year, competitionID, locationID)
VALUES (678, '2011', 87, 156);
INSERT INTO DRL_event (id, year, competitionID, locationID)
VALUES (679, '2011', 21, 33);
INSERT INTO DRL_event (id, year, competitionID, locationID)
VALUES (680, '2011', 160, 279);
INSERT INTO DRL_event (id, year, competitionID, locationID)
VALUES (681, '2011', 128, 227);
INSERT INTO DRL_event (id, year, competitionID, locationID)
VALUES (682, '2011', 102, 265);
INSERT INTO DRL_event (id, year, competitionID, locationID)
VALUES (683, '2011', 103, 107);
INSERT INTO DRL_event (id, year, competitionID, locationID)
VALUES (684, '2011', 52, 83);
INSERT INTO DRL_event (id, year, competitionID, locationID)
VALUES (685, '2011', 71, 124);
INSERT INTO DRL_event (id, year, competitionID, locationID)
VALUES (686, '2011', 76, 34);
INSERT INTO DRL_event (id, year, competitionID, locationID)
VALUES (687, '2011', 124, 241);
INSERT INTO DRL_event (id, year, competitionID, locationID)
VALUES (688, '2011', 135, 35);
INSERT INTO DRL_event (id, year, competitionID, locationID)
VALUES (689, '2011', 137, 35);
INSERT INTO DRL_event (id, year, competitionID, locationID)
VALUES (690, '2011', 144, 243);
INSERT INTO DRL_event (id, year, competitionID, locationID)
VALUES (691, '2010', 138, 202);
INSERT INTO DRL_event (id, year, competitionID, locationID)
VALUES (692, '2010', 139, 202);
INSERT INTO DRL_event (id, year, competitionID, locationID)
VALUES (693, '2011', 130, 229);
INSERT INTO DRL_event (id, year, competitionID, locationID)
VALUES (694, '2011', 143, 242);
INSERT INTO DRL_event (id, year, competitionID, locationID)
VALUES (695, '2011', 133, 238);
INSERT INTO DRL_event (id, year, competitionID, locationID)
VALUES (696, '2011', 132, 238);
INSERT INTO DRL_event (id, year, competitionID, locationID)
VALUES (697, '2011', 79, 137);
INSERT INTO DRL_event (id, year, competitionID, locationID)
VALUES (698, '2011', 78, 137);
INSERT INTO DRL_event (id, year, competitionID, locationID)
VALUES (699, '1984', 44, 44);
INSERT INTO DRL_event (id, year, competitionID, locationID)
VALUES (700, '1977', 44, 180);
INSERT INTO DRL_event (id, year, competitionID, locationID)
VALUES (701, '1989', 127, 225);
INSERT INTO DRL_event (id, year, competitionID, locationID)
VALUES (702, '1982', 44, 41);
INSERT INTO DRL_event (id, year, competitionID, locationID)
VALUES (703, '1976', 44, 200);
INSERT INTO DRL_event (id, year, competitionID, locationID)
VALUES (704, '1978', 44, 54);
INSERT INTO DRL_event (id, year, competitionID, locationID)
VALUES (705, '1980', 124, 55);
INSERT INTO DRL_event (id, year, competitionID, locationID)
VALUES (706, '1980', 44, 101);
INSERT INTO DRL_event (id, year, competitionID, locationID)
VALUES (707, '1981', 44, 114);
INSERT INTO DRL_event (id, year, competitionID, locationID)
VALUES (708, '1983', 44, 186);
INSERT INTO DRL_event (id, year, competitionID, locationID)
VALUES (709, '1976', 124, 75);
INSERT INTO DRL_event (id, year, competitionID, locationID)
VALUES (710, '1977', 124, 36);
INSERT INTO DRL_event (id, year, competitionID, locationID)
VALUES (711, '1979', 124, 131);
INSERT INTO DRL_event (id, year, competitionID, locationID)
VALUES (712, '1977', 90, 6);
INSERT INTO DRL_event (id, year, competitionID, locationID)
VALUES (713, '1976', 90, 165);
INSERT INTO DRL_event (id, year, competitionID, locationID)
VALUES (714, '1977', 96, 156);
INSERT INTO DRL_event (id, year, competitionID, locationID)
VALUES (715, '1976', 108, 115);
INSERT INTO DRL_event (id, year, competitionID, locationID)
VALUES (716, '1977', 125, 24);
INSERT INTO DRL_event (id, year, competitionID, locationID)
VALUES (717, '1977', 108, 212);
INSERT INTO DRL_event (id, year, competitionID, locationID)
VALUES (718, '1988', 129, 228);
INSERT INTO DRL_event (id, year, competitionID, locationID)
VALUES (719, '1976', 125, 246);
INSERT INTO DRL_event (id, year, competitionID, locationID)
VALUES (720, '1987', 129, 228);
INSERT INTO DRL_event (id, year, competitionID, locationID)
VALUES (721, '1989', 43, 78);
INSERT INTO DRL_event (id, year, competitionID, locationID)
VALUES (722, '1989', 123, 222);
INSERT INTO DRL_event (id, year, competitionID, locationID)
VALUES (723, '1987', 56, 16);
INSERT INTO DRL_event (id, year, competitionID, locationID)
VALUES (724, '1986', 72, 125);
INSERT INTO DRL_event (id, year, competitionID, locationID)
VALUES (725, '1989', 72, 125);
INSERT INTO DRL_event (id, year, competitionID, locationID)
VALUES (726, '1987', 57, 193);
INSERT INTO DRL_event (id, year, competitionID, locationID)
VALUES (727, '1989', 113, 201);
INSERT INTO DRL_event (id, year, competitionID, locationID)
VALUES (728, '1979', 125, 66);
INSERT INTO DRL_event (id, year, competitionID, locationID)
VALUES (729, '1978', 108, 247);
INSERT INTO DRL_event (id, year, competitionID, locationID)
VALUES (730, '1978', 125, 88);
INSERT INTO DRL_event (id, year, competitionID, locationID)
VALUES (731, '1980', 125, 63);
INSERT INTO DRL_event (id, year, competitionID, locationID)
VALUES (732, '1980', 90, 87);
INSERT INTO DRL_event (id, year, competitionID, locationID)
VALUES (733, '1982', 90, 19);
INSERT INTO DRL_event (id, year, competitionID, locationID)
VALUES (734, '1983', 90, 147);
INSERT INTO DRL_event (id, year, competitionID, locationID)
VALUES (735, '1984', 90, 90);
INSERT INTO DRL_event (id, year, competitionID, locationID)
VALUES (736, '1978', 87, 156);
INSERT INTO DRL_event (id, year, competitionID, locationID)
VALUES (737, '1979', 87, 156);
INSERT INTO DRL_event (id, year, competitionID, locationID)
VALUES (738, '1980', 87, 156);
INSERT INTO DRL_event (id, year, competitionID, locationID)
VALUES (739, '1981', 87, 156);
INSERT INTO DRL_event (id, year, competitionID, locationID)
VALUES (740, '1982', 87, 156);
INSERT INTO DRL_event (id, year, competitionID, locationID)
VALUES (741, '1983', 87, 156);
INSERT INTO DRL_event (id, year, competitionID, locationID)
VALUES (742, '1984', 87, 156);
INSERT INTO DRL_event (id, year, competitionID, locationID)
VALUES (743, '1985', 87, 156);
INSERT INTO DRL_event (id, year, competitionID, locationID)
VALUES (744, '1990', 87, 156);
INSERT INTO DRL_event (id, year, competitionID, locationID)
VALUES (745, '1992', 87, 156);
INSERT INTO DRL_event (id, year, competitionID, locationID)
VALUES (746, '2002', 87, 156);
INSERT INTO DRL_event (id, year, competitionID, locationID)
VALUES (747, '1977', 21, 33);
INSERT INTO DRL_event (id, year, competitionID, locationID)
VALUES (748, '1979', 21, 33);
INSERT INTO DRL_event (id, year, competitionID, locationID)
VALUES (749, '1980', 21, 33);
INSERT INTO DRL_event (id, year, competitionID, locationID)
VALUES (750, '1981', 21, 33);
INSERT INTO DRL_event (id, year, competitionID, locationID)
VALUES (751, '1982', 21, 33);
INSERT INTO DRL_event (id, year, competitionID, locationID)
VALUES (752, '1983', 21, 33);
INSERT INTO DRL_event (id, year, competitionID, locationID)
VALUES (753, '1984', 21, 33);
INSERT INTO DRL_event (id, year, competitionID, locationID)
VALUES (754, '1985', 21, 33);
INSERT INTO DRL_event (id, year, competitionID, locationID)
VALUES (755, '1990', 21, 33);
INSERT INTO DRL_event (id, year, competitionID, locationID)
VALUES (756, '1992', 21, 33);
INSERT INTO DRL_event (id, year, competitionID, locationID)
VALUES (757, '2002', 21, 33);
INSERT INTO DRL_event (id, year, competitionID, locationID)
VALUES (758, '1985', 46, 230);
INSERT INTO DRL_event (id, year, competitionID, locationID)
VALUES (759, '1971', 90, 26);
INSERT INTO DRL_event (id, year, competitionID, locationID)
VALUES (760, '1972', 90, 168);
INSERT INTO DRL_event (id, year, competitionID, locationID)
VALUES (761, '1973', 90, 201);
INSERT INTO DRL_event (id, year, competitionID, locationID)
VALUES (762, '1974', 90, 269);
INSERT INTO DRL_event (id, year, competitionID, locationID)
VALUES (763, '1971', 96, 133);
INSERT INTO DRL_event (id, year, competitionID, locationID)
VALUES (764, '1973', 96, 142);
INSERT INTO DRL_event (id, year, competitionID, locationID)
VALUES (765, '1974', 96, 171);
INSERT INTO DRL_event (id, year, competitionID, locationID)
VALUES (766, '1979', 96, 263);
INSERT INTO DRL_event (id, year, competitionID, locationID)
VALUES (767, '1986', 96, 169);
INSERT INTO DRL_event (id, year, competitionID, locationID)
VALUES (768, '1971', 125, 223);
INSERT INTO DRL_event (id, year, competitionID, locationID)
VALUES (769, '1972', 125, 86);
INSERT INTO DRL_event (id, year, competitionID, locationID)
VALUES (770, '1973', 125, 245);
INSERT INTO DRL_event (id, year, competitionID, locationID)
VALUES (771, '1974', 125, 144);
INSERT INTO DRL_event (id, year, competitionID, locationID)
VALUES (772, '1972', 44, 199);
INSERT INTO DRL_event (id, year, competitionID, locationID)
VALUES (773, '1973', 44, 116);
INSERT INTO DRL_event (id, year, competitionID, locationID)
VALUES (774, '1974', 44, 55);
INSERT INTO DRL_event (id, year, competitionID, locationID)
VALUES (775, '1971', 124, 253);
INSERT INTO DRL_event (id, year, competitionID, locationID)
VALUES (776, '1972', 124, 25);
INSERT INTO DRL_event (id, year, competitionID, locationID)
VALUES (777, '1973', 124, 199);
INSERT INTO DRL_event (id, year, competitionID, locationID)
VALUES (778, '1974', 124, 241);
INSERT INTO DRL_event (id, year, competitionID, locationID)
VALUES (779, '1971', 155, 272);
INSERT INTO DRL_event (id, year, competitionID, locationID)
VALUES (780, '1972', 155, 272);
INSERT INTO DRL_event (id, year, competitionID, locationID)
VALUES (781, '1973', 155, 272);
INSERT INTO DRL_event (id, year, competitionID, locationID)
VALUES (782, '1974', 155, 272);
INSERT INTO DRL_event (id, year, competitionID, locationID)
VALUES (783, '1976', 155, 272);
INSERT INTO DRL_event (id, year, competitionID, locationID)
VALUES (784, '1977', 155, 272);
INSERT INTO DRL_event (id, year, competitionID, locationID)
VALUES (785, '1979', 155, 272);
INSERT INTO DRL_event (id, year, competitionID, locationID)
VALUES (786, '1980', 155, 272);
INSERT INTO DRL_event (id, year, competitionID, locationID)
VALUES (787, '1981', 155, 272);
INSERT INTO DRL_event (id, year, competitionID, locationID)
VALUES (788, '1982', 155, 272);
INSERT INTO DRL_event (id, year, competitionID, locationID)
VALUES (789, '1983', 155, 272);
INSERT INTO DRL_event (id, year, competitionID, locationID)
VALUES (790, '1984', 155, 272);
INSERT INTO DRL_event (id, year, competitionID, locationID)
VALUES (791, '1981', 140, 254);
INSERT INTO DRL_event (id, year, competitionID, locationID)
VALUES (792, '1982', 140, 254);
INSERT INTO DRL_event (id, year, competitionID, locationID)
VALUES (793, '1983', 140, 254);
INSERT INTO DRL_event (id, year, competitionID, locationID)
VALUES (794, '1985', 140, 254);
INSERT INTO DRL_event (id, year, competitionID, locationID)
VALUES (795, '1986', 140, 254);
INSERT INTO DRL_event (id, year, competitionID, locationID)
VALUES (796, '1987', 140, 254);
INSERT INTO DRL_event (id, year, competitionID, locationID)
VALUES (797, '1988', 140, 254);
INSERT INTO DRL_event (id, year, competitionID, locationID)
VALUES (798, '1989', 140, 254);
INSERT INTO DRL_event (id, year, competitionID, locationID)
VALUES (799, '1990', 140, 254);
INSERT INTO DRL_event (id, year, competitionID, locationID)
VALUES (800, '1991', 140, 254);
INSERT INTO DRL_event (id, year, competitionID, locationID)
VALUES (801, '1992', 140, 254);
INSERT INTO DRL_event (id, year, competitionID, locationID)
VALUES (802, '1993', 140, 254);
INSERT INTO DRL_event (id, year, competitionID, locationID)
VALUES (803, '1994', 140, 254);
INSERT INTO DRL_event (id, year, competitionID, locationID)
VALUES (804, '1995', 140, 254);
INSERT INTO DRL_event (id, year, competitionID, locationID)
VALUES (805, '1996', 140, 254);
INSERT INTO DRL_event (id, year, competitionID, locationID)
VALUES (806, '1997', 140, 254);
INSERT INTO DRL_event (id, year, competitionID, locationID)
VALUES (807, '1999', 140, 254);
INSERT INTO DRL_event (id, year, competitionID, locationID)
VALUES (808, '2001', 140, 254);
INSERT INTO DRL_event (id, year, competitionID, locationID)
VALUES (809, '2002', 140, 254);
INSERT INTO DRL_event (id, year, competitionID, locationID)
VALUES (810, '2003', 140, 254);
INSERT INTO DRL_event (id, year, competitionID, locationID)
VALUES (811, '2004', 140, 254);
INSERT INTO DRL_event (id, year, competitionID, locationID)
VALUES (812, '2005', 140, 254);
INSERT INTO DRL_event (id, year, competitionID, locationID)
VALUES (813, '2007', 140, 254);
INSERT INTO DRL_event (id, year, competitionID, locationID)
VALUES (814, '2012', 145, 245);
INSERT INTO DRL_event (id, year, competitionID, locationID)
VALUES (815, '2012', 72, 125);
INSERT INTO DRL_event (id, year, competitionID, locationID)
VALUES (816, '2012', 74, 50);
INSERT INTO DRL_event (id, year, competitionID, locationID)
VALUES (817, '2012', 139, 23);
INSERT INTO DRL_event (id, year, competitionID, locationID)
VALUES (818, '2012', 138, 23);
INSERT INTO DRL_event (id, year, competitionID, locationID)
VALUES (819, '2012', 44, 52);
INSERT INTO DRL_event (id, year, competitionID, locationID)
VALUES (820, '2012', 148, 232);
INSERT INTO DRL_event (id, year, competitionID, locationID)
VALUES (821, '2012', 158, 236);
INSERT INTO DRL_event (id, year, competitionID, locationID)
VALUES (822, '2012', 108, 261);
INSERT INTO DRL_event (id, year, competitionID, locationID)
VALUES (823, '2012', 125, 216);
INSERT INTO DRL_event (id, year, competitionID, locationID)
VALUES (824, '2012', 64, 150);
INSERT INTO DRL_event (id, year, competitionID, locationID)
VALUES (825, '2012', 96, 38);
INSERT INTO DRL_event (id, year, competitionID, locationID)
VALUES (826, '2012', 112, 278);
INSERT INTO DRL_event (id, year, competitionID, locationID)
VALUES (827, '2012', 100, 155);
INSERT INTO DRL_event (id, year, competitionID, locationID)
VALUES (828, '2012', 90, 85);
INSERT INTO DRL_event (id, year, competitionID, locationID)
VALUES (829, '2012', 57, 193);
INSERT INTO DRL_event (id, year, competitionID, locationID)
VALUES (830, '2012', 129, 228);
INSERT INTO DRL_event (id, year, competitionID, locationID, isUnusualTower)
VALUES (831, '2012', 54, 171, 1);
INSERT INTO DRL_event (id, year, competitionID, locationID)
VALUES (832, '2012', 19, 26);
INSERT INTO DRL_event (id, year, competitionID, locationID)
VALUES (833, '2012', 11, 165);
INSERT INTO DRL_event (id, year, competitionID, locationID)
VALUES (834, '2012', 147, 215);
INSERT INTO DRL_event (id, year, competitionID, locationID)
VALUES (835, '2012', 146, 215);
INSERT INTO DRL_event (id, year, competitionID, locationID)
VALUES (836, '2012', 123, 222);
INSERT INTO DRL_event (id, year, competitionID, locationID)
VALUES (837, '2012', 131, 234);
INSERT INTO DRL_event (id, year, competitionID, locationID)
VALUES (838, '2012', 5, 66);
INSERT INTO DRL_event (id, year, competitionID, locationID)
VALUES (839, '2012', 51, 82);
INSERT INTO DRL_event (id, year, competitionID, locationID)
VALUES (840, '2012', 55, 87);
INSERT INTO DRL_event (id, year, competitionID, locationID)
VALUES (841, '2012', 7, 8);
INSERT INTO DRL_event (id, year, competitionID, locationID)
VALUES (842, '2012', 6, 6);
INSERT INTO DRL_event (id, year, competitionID, locationID)
VALUES (843, '2012', 25, 45);
INSERT INTO DRL_event (id, year, competitionID, locationID)
VALUES (844, '2012', 155, 272);
INSERT INTO DRL_event (id, year, competitionID, locationID)
VALUES (845, '2012', 87, 156);
INSERT INTO DRL_event (id, year, competitionID, locationID)
VALUES (846, '2012', 21, 33);
INSERT INTO DRL_event (id, year, competitionID, locationID)
VALUES (847, '2012', 98, 170);
INSERT INTO DRL_event (id, year, competitionID, locationID)
VALUES (848, '2012', 62, 109);
INSERT INTO DRL_event (id, year, competitionID, locationID)
VALUES (849, '2012', 59, 106);
INSERT INTO DRL_event (id, year, competitionID, locationID)
VALUES (850, '2012', 128, 227);
INSERT INTO DRL_event (id, year, competitionID, locationID)
VALUES (851, '2012', 52, 83);
INSERT INTO DRL_event (id, year, competitionID, locationID)
VALUES (852, '2012', 71, 124);
INSERT INTO DRL_event (id, year, competitionID, locationID)
VALUES (853, '2012', 103, 122);
INSERT INTO DRL_event (id, year, competitionID, locationID)
VALUES (854, '2012', 160, 279);
INSERT INTO DRL_event (id, year, competitionID, locationID)
VALUES (855, '2012', 76, 266);
INSERT INTO DRL_event (id, year, competitionID, locationID)
VALUES (856, '2012', 124, 251);
INSERT INTO DRL_event (id, year, competitionID, locationID)
VALUES (857, '2012', 105, 62);
INSERT INTO DRL_event (id, year, competitionID, locationID)
VALUES (858, '2012', 144, 243);
INSERT INTO DRL_event (id, year, competitionID, locationID)
VALUES (859, '2012', 130, 229);
INSERT INTO DRL_event (id, year, competitionID, locationID)
VALUES (860, '2012', 9, 11);
INSERT INTO DRL_event (id, year, competitionID, locationID)
VALUES (861, '2012', 69, 117);
INSERT INTO DRL_event (id, year, competitionID, locationID)
VALUES (862, '2012', 143, 142);
INSERT INTO DRL_event (id, year, competitionID, locationID)
VALUES (863, '1930', 44, 116);
INSERT INTO DRL_event (id, year, competitionID, locationID)
VALUES (864, '1985', 44, 67);
INSERT INTO DRL_event (id, year, competitionID, locationID)
VALUES (865, '2012', 29, 49);
INSERT INTO DRL_event (id, year, competitionID, locationID)
VALUES (866, '2012', 133, 238);
INSERT INTO DRL_event (id, year, competitionID, locationID)
VALUES (867, '2012', 132, 238);
INSERT INTO DRL_event (id, year, competitionID, locationID)
VALUES (868, '2012', 79, 137);
INSERT INTO DRL_event (id, year, competitionID, locationID)
VALUES (869, '2012', 78, 137);
INSERT INTO DRL_event (id, year, competitionID, locationID)
VALUES (870, '1958', 70, 118);
INSERT INTO DRL_event (id, year, competitionID, locationID)
VALUES (871, '1958', 112, 214);
INSERT INTO DRL_event (id, year, competitionID, locationID)
VALUES (872, '1958', 74, 177);
INSERT INTO DRL_event (id, year, competitionID, locationID)
VALUES (873, '1958', 125, 88);
INSERT INTO DRL_event (id, year, competitionID, locationID)
VALUES (874, '1958', 56, 272);
INSERT INTO DRL_event (id, year, competitionID, locationID)
VALUES (875, '1959', 74, 19);
INSERT INTO DRL_event (id, year, competitionID, locationID)
VALUES (876, '1959', 125, 80);
INSERT INTO DRL_event (id, year, competitionID, locationID)
VALUES (877, '1959', 90, 171);
INSERT INTO DRL_event (id, year, competitionID, locationID)
VALUES (878, '1959', 112, 16);
INSERT INTO DRL_event (id, year, competitionID, locationID)
VALUES (879, '1959', 33, 55);
INSERT INTO DRL_event (id, year, competitionID, locationID)
VALUES (880, '1959', 155, 272);
INSERT INTO DRL_event (id, year, competitionID, locationID)
VALUES (881, '1959', 56, 249);
INSERT INTO DRL_event (id, year, competitionID, locationID)
VALUES (882, '1960', 74, 74);
INSERT INTO DRL_event (id, year, competitionID, locationID)
VALUES (883, '1960', 125, 87);
INSERT INTO DRL_event (id, year, competitionID, locationID)
VALUES (884, '1960', 112, 118);
INSERT INTO DRL_event (id, year, competitionID, locationID)
VALUES (885, '1960', 11, 136);
INSERT INTO DRL_event (id, year, competitionID, locationID)
VALUES (886, '1960', 56, 196);
INSERT INTO DRL_event (id, year, competitionID, locationID)
VALUES (887, '1960', 124, 75);
INSERT INTO DRL_event (id, year, competitionID, locationID)
VALUES (888, '1960', 157, 275);
INSERT INTO DRL_event (id, year, competitionID, locationID)
VALUES (889, '1961', 15, 19);
INSERT INTO DRL_event (id, year, competitionID, locationID)
VALUES (890, '1961', 74, 234);
INSERT INTO DRL_event (id, year, competitionID, locationID)
VALUES (891, '1961', 125, 38);
INSERT INTO DRL_event (id, year, competitionID, locationID)
VALUES (892, '1961', 90, 218);
INSERT INTO DRL_event (id, year, competitionID, locationID)
VALUES (893, '1961', 112, 262);
INSERT INTO DRL_event (id, year, competitionID, locationID)
VALUES (894, '1961', 11, 168);
INSERT INTO DRL_event (id, year, competitionID, locationID)
VALUES (895, '1961', 75, 133);
INSERT INTO DRL_event (id, year, competitionID, locationID)
VALUES (896, '1961', 12, 15);
INSERT INTO DRL_event (id, year, competitionID, locationID)
VALUES (897, '1961', 57, 193);
INSERT INTO DRL_event (id, year, competitionID, locationID)
VALUES (898, '1961', 155, 272);
INSERT INTO DRL_event (id, year, competitionID, locationID)
VALUES (899, '1961', 36, 65);
INSERT INTO DRL_event (id, year, competitionID, locationID)
VALUES (900, '1961', 56, 263);
INSERT INTO DRL_event (id, year, competitionID, locationID)
VALUES (901, '1962', 74, 155);
INSERT INTO DRL_event (id, year, competitionID, locationID)
VALUES (902, '1962', 149, 255);
INSERT INTO DRL_event (id, year, competitionID, locationID)
VALUES (903, '1962', 21, 33);
INSERT INTO DRL_event (id, year, competitionID, locationID)
VALUES (904, '1962', 125, 79);
INSERT INTO DRL_event (id, year, competitionID, locationID)
VALUES (905, '1962', 112, 193);
INSERT INTO DRL_event (id, year, competitionID, locationID)
VALUES (906, '1962', 11, 69);
INSERT INTO DRL_event (id, year, competitionID, locationID)
VALUES (907, '1962', 70, 118);
INSERT INTO DRL_event (id, year, competitionID, locationID)
VALUES (908, '1962', 54, 85);
INSERT INTO DRL_event (id, year, competitionID, locationID)
VALUES (909, '1962', 58, 94);
INSERT INTO DRL_event (id, year, competitionID, locationID)
VALUES (910, '1962', 56, 133);
INSERT INTO DRL_event (id, year, competitionID, locationID)
VALUES (911, '1963', 74, 168);
INSERT INTO DRL_event (id, year, competitionID, locationID)
VALUES (912, '1963', 125, 156);
INSERT INTO DRL_event (id, year, competitionID, locationID)
VALUES (913, '1963', 90, 26);
INSERT INTO DRL_event (id, year, competitionID, locationID)
VALUES (914, '1963', 112, 177);
INSERT INTO DRL_event (id, year, competitionID, locationID)
VALUES (915, '1963', 11, 278);
INSERT INTO DRL_event (id, year, competitionID, locationID)
VALUES (916, '1963', 56, 263);
INSERT INTO DRL_event (id, year, competitionID, locationID)
VALUES (917, '1963', 114, 203);
INSERT INTO DRL_event (id, year, competitionID, locationID)
VALUES (918, '1963', 21, 33);
INSERT INTO DRL_event (id, year, competitionID, locationID)
VALUES (919, '1963', 10, 12);
INSERT INTO DRL_event (id, year, competitionID, locationID, isUnusualTower)
VALUES (920, '1963', 130, 139, 1);
INSERT INTO DRL_event (id, year, competitionID, locationID)
VALUES (921, '1964', 74, 88);
INSERT INTO DRL_event (id, year, competitionID, locationID)
VALUES (922, '1964', 112, 70);
INSERT INTO DRL_event (id, year, competitionID, locationID)
VALUES (923, '1964', 125, 93);
INSERT INTO DRL_event (id, year, competitionID, locationID)
VALUES (924, '1964', 34, 58);
INSERT INTO DRL_event (id, year, competitionID, locationID)
VALUES (925, '1964', 90, 54);
INSERT INTO DRL_event (id, year, competitionID, locationID)
VALUES (926, '1964', 11, 38);
INSERT INTO DRL_event (id, year, competitionID, locationID)
VALUES (927, '1964', 35, 64);
INSERT INTO DRL_event (id, year, competitionID, locationID)
VALUES (928, '1964', 117, 214);
INSERT INTO DRL_event (id, year, competitionID, locationID, isUnusualTower)
VALUES (929, '1964', 19, 178, 1);
INSERT INTO DRL_event (id, year, competitionID, locationID)
VALUES (930, '1964', 134, 239);
INSERT INTO DRL_event (id, year, competitionID, locationID)
VALUES (931, '1964', 124, 200);
INSERT INTO DRL_event (id, year, competitionID, locationID)
VALUES (932, '1965', 74, 233);
INSERT INTO DRL_event (id, year, competitionID, locationID)
VALUES (933, '1965', 125, 15);
INSERT INTO DRL_event (id, year, competitionID, locationID)
VALUES (934, '1965', 112, 93);
INSERT INTO DRL_event (id, year, competitionID, locationID)
VALUES (935, '1965', 90, 203);
INSERT INTO DRL_event (id, year, competitionID, locationID)
VALUES (936, '1966', 74, 79);
INSERT INTO DRL_event (id, year, competitionID, locationID)
VALUES (937, '1966', 125, 236);
INSERT INTO DRL_event (id, year, competitionID, locationID)
VALUES (938, '1966', 57, 193);
INSERT INTO DRL_event (id, year, competitionID, locationID)
VALUES (939, '1966', 112, 262);
INSERT INTO DRL_event (id, year, competitionID, locationID)
VALUES (940, '1966', 90, 197);
INSERT INTO DRL_event (id, year, competitionID, locationID)
VALUES (941, '1966', 11, 79);
INSERT INTO DRL_event (id, year, competitionID, locationID)
VALUES (942, '1966', 56, 90);
INSERT INTO DRL_event (id, year, competitionID, locationID)
VALUES (943, '1966', 94, 165);
INSERT INTO DRL_event (id, year, competitionID, locationID)
VALUES (944, '1967', 74, 176);
INSERT INTO DRL_event (id, year, competitionID, locationID)
VALUES (945, '1967', 57, 193);
INSERT INTO DRL_event (id, year, competitionID, locationID)
VALUES (946, '1967', 148, 112);
INSERT INTO DRL_event (id, year, competitionID, locationID)
VALUES (947, '1967', 125, 233);
INSERT INTO DRL_event (id, year, competitionID, locationID)
VALUES (948, '1967', 90, 127);
INSERT INTO DRL_event (id, year, competitionID, locationID)
VALUES (949, '1967', 11, 93);
INSERT INTO DRL_event (id, year, competitionID, locationID)
VALUES (950, '1967', 112, 200);
INSERT INTO DRL_event (id, year, competitionID, locationID)
VALUES (951, '1967', 23, 38);
INSERT INTO DRL_event (id, year, competitionID, locationID)
VALUES (952, '1968', 125, 168);
INSERT INTO DRL_event (id, year, competitionID, locationID)
VALUES (953, '1968', 148, 71);
INSERT INTO DRL_event (id, year, competitionID, locationID)
VALUES (954, '1968', 90, 22);
INSERT INTO DRL_event (id, year, competitionID, locationID)
VALUES (955, '1968', 11, 155);
INSERT INTO DRL_event (id, year, competitionID, locationID)
VALUES (956, '1968', 21, 33);
INSERT INTO DRL_event (id, year, competitionID, locationID)
VALUES (957, '1969', 74, 223);
INSERT INTO DRL_event (id, year, competitionID, locationID)
VALUES (958, '2013', 72, 125);
INSERT INTO DRL_event (id, year, competitionID, locationID)
VALUES (959, '2013', 145, 245);
INSERT INTO DRL_event (id, year, competitionID, locationID)
VALUES (960, '2013', 74, 223);
INSERT INTO DRL_event (id, year, competitionID, locationID)
VALUES (961, '2013', 44, 98);
INSERT INTO DRL_event (id, year, competitionID, locationID)
VALUES (962, '2013', 28, 213);
INSERT INTO DRL_event (id, year, competitionID, locationID)
VALUES (963, '2013', 148, 112);
INSERT INTO DRL_event (id, year, competitionID, locationID)
VALUES (964, '2013', 158, 143);
INSERT INTO DRL_event (id, year, competitionID, locationID)
VALUES (965, '2013', 108, 237);
INSERT INTO DRL_event (id, year, competitionID, locationID)
VALUES (966, '2013', 125, 278);
INSERT INTO DRL_event (id, year, competitionID, locationID)
VALUES (967, '2013', 96, 259);
INSERT INTO DRL_event (id, year, competitionID, locationID)
VALUES (968, '2013', 110, 180);
INSERT INTO DRL_event (id, year, competitionID, locationID)
VALUES (969, '2013', 112, 194);
INSERT INTO DRL_event (id, year, competitionID, locationID)
VALUES (970, '2013', 90, 70);
INSERT INTO DRL_event (id, year, competitionID, locationID)
VALUES (971, '2013', 129, 228);
INSERT INTO DRL_event (id, year, competitionID, locationID)
VALUES (972, '2013', 19, 26);
INSERT INTO DRL_event (id, year, competitionID, locationID)
VALUES (973, '2013', 54, 85);
INSERT INTO DRL_event (id, year, competitionID, locationID)
VALUES (974, '2013', 99, 171);
INSERT INTO DRL_event (id, year, competitionID, locationID)
VALUES (975, '2013', 11, 211);
INSERT INTO DRL_event (id, year, competitionID, locationID)
VALUES (976, '2013', 123, 222);
INSERT INTO DRL_event (id, year, competitionID, locationID)
VALUES (977, '2013', 147, 191);
INSERT INTO DRL_event (id, year, competitionID, locationID)
VALUES (978, '2013', 146, 191);
INSERT INTO DRL_event (id, year, competitionID, locationID)
VALUES (979, '2013', 5, 66);
INSERT INTO DRL_event (id, year, competitionID, locationID)
VALUES (980, '2013', 131, 234);
INSERT INTO DRL_event (id, year, competitionID, locationID)
VALUES (981, '2013', 55, 87);
INSERT INTO DRL_event (id, year, competitionID, locationID)
VALUES (982, '2013', 51, 82);
INSERT INTO DRL_event (id, year, competitionID, locationID)
VALUES (983, '2013', 6, 6);
INSERT INTO DRL_event (id, year, competitionID, locationID)
VALUES (984, '2013', 7, 8);
INSERT INTO DRL_event (id, year, competitionID, locationID)
VALUES (985, '2013', 25, 45);
INSERT INTO DRL_event (id, year, competitionID, locationID)
VALUES (986, '2013', 155, 272);
INSERT INTO DRL_event (id, year, competitionID, locationID)
VALUES (987, '2013', 87, 156);
INSERT INTO DRL_event (id, year, competitionID, locationID)
VALUES (988, '2013', 21, 33);
INSERT INTO DRL_event (id, year, competitionID, locationID)
VALUES (989, '2013', 160, 279);
INSERT INTO DRL_event (id, year, competitionID, locationID)
VALUES (990, '2013', 76, 243);
INSERT INTO DRL_event (id, year, competitionID, locationID)
VALUES (991, '2013', 29, 49);
INSERT INTO DRL_event (id, year, competitionID, locationID)
VALUES (992, '2013', 124, 55);
INSERT INTO DRL_event (id, year, competitionID, locationID)
VALUES (993, '2013', 137, 27);
INSERT INTO DRL_event (id, year, competitionID, locationID)
VALUES (994, '2013', 105, 117);
INSERT INTO DRL_event (id, year, competitionID, locationID)
VALUES (995, '2013', 144, 243);
INSERT INTO DRL_event (id, year, competitionID, locationID)
VALUES (996, '2013', 52, 83);
INSERT INTO DRL_event (id, year, competitionID, locationID)
VALUES (997, '2013', 71, 124);
INSERT INTO DRL_event (id, year, competitionID, locationID)
VALUES (998, '2013', 143, 242);
INSERT INTO DRL_event (id, year, competitionID, locationID)
VALUES (999, '2013', 130, 229);
INSERT INTO DRL_event (id, year, competitionID, locationID)
VALUES (1000, '1974', 123, 222);
INSERT INTO DRL_event (id, year, competitionID, locationID)
VALUES (1001, '1974', 133, 238);
INSERT INTO DRL_event (id, year, competitionID, locationID)
VALUES (1002, '1974', 132, 238);
INSERT INTO DRL_event (id, year, competitionID, locationID)
VALUES (1003, '1974', 143, 116);
INSERT INTO DRL_event (id, year, competitionID, locationID)
VALUES (1004, '1974', 11, 216);
INSERT INTO DRL_event (id, year, competitionID, locationID)
VALUES (1005, '1975', 44, 121);
INSERT INTO DRL_event (id, year, competitionID, locationID)
VALUES (1006, '1976', 106, 176);
INSERT INTO DRL_event (id, year, competitionID, locationID)
VALUES (1007, '1976', 81, 142);
INSERT INTO DRL_event (id, year, competitionID, locationID)
VALUES (1008, '1976', 69, 117);
INSERT INTO DRL_event (id, year, competitionID, locationID)
VALUES (1009, '1976', 110, 94);
INSERT INTO DRL_event (id, year, competitionID, locationID)
VALUES (1010, '1976', 117, 214);
INSERT INTO DRL_event (id, year, competitionID, locationID)
VALUES (1011, '1977', 72, 125);
INSERT INTO DRL_event (id, year, competitionID, locationID)
VALUES (1012, '1978', 5, 196);
INSERT INTO DRL_event (id, year, competitionID, locationID)
VALUES (1013, '1978', 90, 177);
INSERT INTO DRL_event (id, year, competitionID, locationID)
VALUES (1014, '1978', 110, 182);
INSERT INTO DRL_event (id, year, competitionID, locationID)
VALUES (1015, '1978', 128, 227);
INSERT INTO DRL_event (id, year, competitionID, locationID)
VALUES (1016, '1978', 143, 180);
INSERT INTO DRL_event (id, year, competitionID, locationID)
VALUES (1017, '1978', 124, 46);
INSERT INTO DRL_event (id, year, competitionID, locationID)
VALUES (1018, '1979', 44, 242);
INSERT INTO DRL_event (id, year, competitionID, locationID)
VALUES (1019, '1979', 110, 114);
INSERT INTO DRL_event (id, year, competitionID, locationID)
VALUES (1020, '1979', 129, 228);
INSERT INTO DRL_event (id, year, competitionID, locationID)
VALUES (1021, '1979', 54, 85);
INSERT INTO DRL_event (id, year, competitionID, locationID)
VALUES (1022, '1980', 110, 46);
INSERT INTO DRL_event (id, year, competitionID, locationID)
VALUES (1023, '1981', 110, 30);
INSERT INTO DRL_event (id, year, competitionID, locationID)
VALUES (1024, '1981', 124, 196);
INSERT INTO DRL_event (id, year, competitionID, locationID)
VALUES (1025, '1982', 110, 180);
INSERT INTO DRL_event (id, year, competitionID, locationID)
VALUES (1026, '1982', 100, 254);
INSERT INTO DRL_event (id, year, competitionID, locationID)
VALUES (1027, '1982', 124, 101);
INSERT INTO DRL_event (id, year, competitionID, locationID)
VALUES (1028, '1983', 110, 212);
INSERT INTO DRL_event (id, year, competitionID, locationID)
VALUES (1029, '1983', 124, 117);
INSERT INTO DRL_event (id, year, competitionID, locationID)
VALUES (1030, '1983', 56, 167);
INSERT INTO DRL_event (id, year, competitionID, locationID)
VALUES (1031, '1983', 82, 144);
INSERT INTO DRL_event (id, year, competitionID, locationID)
VALUES (1032, '1983', 133, 238);
INSERT INTO DRL_event (id, year, competitionID, locationID)
VALUES (1033, '1983', 132, 238);
INSERT INTO DRL_event (id, year, competitionID, locationID)
VALUES (1034, '1984', 108, 264);
INSERT INTO DRL_event (id, year, competitionID, locationID)
VALUES (1035, '1984', 125, 120);
INSERT INTO DRL_event (id, year, competitionID, locationID)
VALUES (1036, '1984', 110, 228);
INSERT INTO DRL_event (id, year, competitionID, locationID)
VALUES (1037, '1987', 110, 245);
INSERT INTO DRL_event (id, year, competitionID, locationID)
VALUES (1038, '1988', 110, 130);
INSERT INTO DRL_event (id, year, competitionID, locationID)
VALUES (1039, '1989', 110, 86);
INSERT INTO DRL_event (id, year, competitionID, locationID)
VALUES (1040, '1990', 110, 186);
INSERT INTO DRL_event (id, year, competitionID, locationID)
VALUES (1041, '1991', 110, 227);
INSERT INTO DRL_event (id, year, competitionID, locationID)
VALUES (1042, '1992', 110, 182);
INSERT INTO DRL_event (id, year, competitionID, locationID)
VALUES (1043, '1993', 110, 30);
INSERT INTO DRL_event (id, year, competitionID, locationID)
VALUES (1044, '1994', 137, 121);
INSERT INTO DRL_event (id, year, competitionID, locationID)
VALUES (1045, '1994', 136, 121);
INSERT INTO DRL_event (id, year, competitionID, locationID)
VALUES (1046, '1994', 150, 257);
INSERT INTO DRL_event (id, year, competitionID, locationID)
VALUES (1047, '1994', 153, 264);
INSERT INTO DRL_event (id, year, competitionID, locationID)
VALUES (1048, '1994', 31, 52);
INSERT INTO DRL_event (id, year, competitionID, locationID)
VALUES (1049, '1994', 32, 52);
INSERT INTO DRL_event (id, year, competitionID, locationID)
VALUES (1050, '1994', 110, 114);
INSERT INTO DRL_event (id, year, competitionID, locationID)
VALUES (1051, '1995', 110, 12);
INSERT INTO DRL_event (id, year, competitionID, locationID)
VALUES (1052, '1996', 110, 33);
INSERT INTO DRL_event (id, year, competitionID, locationID)
VALUES (1053, '1997', 110, 46);
INSERT INTO DRL_event (id, year, competitionID, locationID)
VALUES (1054, '1998', 110, 86);
INSERT INTO DRL_event (id, year, competitionID, locationID)
VALUES (1055, '1998', 129, 228);
INSERT INTO DRL_event (id, year, competitionID, locationID)
VALUES (1056, '1999', 136, 121);
INSERT INTO DRL_event (id, year, competitionID, locationID)
VALUES (1057, '1999', 108, 27);
INSERT INTO DRL_event (id, year, competitionID, locationID)
VALUES (1058, '1999', 110, 245);
INSERT INTO DRL_event (id, year, competitionID, locationID)
VALUES (1059, '2000', 110, 180);
INSERT INTO DRL_event (id, year, competitionID, locationID)
VALUES (1060, '2000', 53, 84);
INSERT INTO DRL_event (id, year, competitionID, locationID)
VALUES (1061, '2000', 52, 83);
INSERT INTO DRL_event (id, year, competitionID, locationID)
VALUES (1062, '2002', 110, 212);
INSERT INTO DRL_event (id, year, competitionID, locationID)
VALUES (1063, '2002', 102, 86);
INSERT INTO DRL_event (id, year, competitionID, locationID)
VALUES (1064, '2002', 129, 228);
INSERT INTO DRL_event (id, year, competitionID, locationID)
VALUES (1065, '2002', 124, 254);
INSERT INTO DRL_event (id, year, competitionID, locationID)
VALUES (1066, '2003', 110, 227);
INSERT INTO DRL_event (id, year, competitionID, locationID)
VALUES (1067, '2003', 118, 215);
INSERT INTO DRL_event (id, year, competitionID, locationID)
VALUES (1068, '2004', 129, 228);
INSERT INTO DRL_event (id, year, competitionID, locationID)
VALUES (1069, '2005', 118, 215);
INSERT INTO DRL_event (id, year, competitionID, locationID)
VALUES (1070, '1967', 100, 1);
INSERT INTO DRL_event (id, year, competitionID, locationID)
VALUES (1071, '1964', 100, 25);
INSERT INTO DRL_event (id, year, competitionID, locationID)
VALUES (1072, '2014', 156, 272);
INSERT INTO DRL_event (id, year, competitionID, locationID)
VALUES (1073, '2014', 24, 43);
INSERT INTO DRL_event (id, year, competitionID, locationID)
VALUES (1074, '2014', 72, 125);
INSERT INTO DRL_event (id, year, competitionID, locationID)
VALUES (1075, '2014', 74, 117);
INSERT INTO DRL_event (id, year, competitionID, locationID)
VALUES (1076, '2014', 44, 127);
INSERT INTO DRL_event (id, year, competitionID, locationID)
VALUES (1077, '2014', 148, 66);
INSERT INTO DRL_event (id, year, competitionID, locationID)
VALUES (1078, '2014', 125, 103);
INSERT INTO DRL_event (id, year, competitionID, locationID)
VALUES (1079, '2014', 108, 108);
INSERT INTO DRL_event (id, year, competitionID, locationID)
VALUES (1080, '2014', 96, 133);
INSERT INTO DRL_event (id, year, competitionID, locationID)
VALUES (1081, '2014', 110, 30);
INSERT INTO DRL_event (id, year, competitionID, locationID)
VALUES (1082, '2014', 112, 200);
INSERT INTO DRL_event (id, year, competitionID, locationID)
VALUES (1083, '2014', 90, 212);
INSERT INTO DRL_event (id, year, competitionID, locationID)
VALUES (1084, '2014', 54, 85);
INSERT INTO DRL_event (id, year, competitionID, locationID)
VALUES (1085, '2014', 99, 171);
INSERT INTO DRL_event (id, year, competitionID, locationID)
VALUES (1086, '2014', 19, 26);
INSERT INTO DRL_event (id, year, competitionID, locationID)
VALUES (1087, '2014', 28, 147);
INSERT INTO DRL_event (id, year, competitionID, locationID)
VALUES (1088, '2014', 129, 228);
INSERT INTO DRL_event (id, year, competitionID, locationID)
VALUES (1089, '2014', 123, 222);
INSERT INTO DRL_event (id, year, competitionID, locationID)
VALUES (1090, '2014', 131, 234);
INSERT INTO DRL_event (id, year, competitionID, locationID)
VALUES (1091, '2014', 5, 66);
INSERT INTO DRL_event (id, year, competitionID, locationID)
VALUES (1092, '2014', 155, 272);
INSERT INTO DRL_event (id, year, competitionID, locationID)
VALUES (1093, '2014', 11, 197);
INSERT INTO DRL_event (id, year, competitionID, locationID)
VALUES (1094, '2014', 87, 156);
INSERT INTO DRL_event (id, year, competitionID, locationID)
VALUES (1095, '2014', 21, 33);
INSERT INTO DRL_event (id, year, competitionID, locationID)
VALUES (1096, '2014', 128, 227);
INSERT INTO DRL_event (id, year, competitionID, locationID)
VALUES (1097, '2014', 160, 279);
INSERT INTO DRL_event (id, year, competitionID, locationID)
VALUES (1098, '2014', 55, 87);
INSERT INTO DRL_event (id, year, competitionID, locationID)
VALUES (1099, '2014', 51, 82);
INSERT INTO DRL_event (id, year, competitionID, locationID)
VALUES (1100, '2014', 71, 124);
INSERT INTO DRL_event (id, year, competitionID, locationID)
VALUES (1101, '2014', 52, 83);
INSERT INTO DRL_event (id, year, competitionID, locationID)
VALUES (1102, '2014', 124, 44);
INSERT INTO DRL_event (id, year, competitionID, locationID)
VALUES (1103, '2014', 29, 49);
INSERT INTO DRL_event (id, year, competitionID, locationID)
VALUES (1104, '2014', 135, 260);
INSERT INTO DRL_event (id, year, competitionID, locationID)
VALUES (1105, '2014', 144, 243);
INSERT INTO DRL_event (id, year, competitionID, locationID)
VALUES (1106, '2014', 105, 131);
INSERT INTO DRL_event (id, year, competitionID, locationID)
VALUES (1107, '2014', 69, 117);
INSERT INTO DRL_event (id, year, competitionID, locationID)
VALUES (1108, '2014', 143, 142);
INSERT INTO DRL_event (id, year, competitionID, locationID)
VALUES (1109, '1992', 138, 121);
INSERT INTO DRL_event (id, year, competitionID, locationID)
VALUES (1110, '1992', 139, 121);
INSERT INTO DRL_event (id, year, competitionID, locationID)
VALUES (1111, '1992', 136, 121);
INSERT INTO DRL_event (id, year, competitionID, locationID)
VALUES (1112, '1992', 8, 21);
INSERT INTO DRL_event (id, year, competitionID, locationID)
VALUES (1113, '1992', 154, 265);
INSERT INTO DRL_event (id, year, competitionID, locationID)
VALUES (1114, '1992', 101, 174);
INSERT INTO DRL_event (id, year, competitionID, locationID)
VALUES (1115, '1992', 93, 164);
INSERT INTO DRL_event (id, year, competitionID, locationID)
VALUES (1116, '1992', 66, 115);
INSERT INTO DRL_event (id, year, competitionID, locationID)
VALUES (1117, '1992', 111, 191);
INSERT INTO DRL_event (id, year, competitionID, locationID)
VALUES (1118, '1992', 54, 85);
INSERT INTO DRL_event (id, year, competitionID, locationID)
VALUES (1119, '1992', 118, 215);
INSERT INTO DRL_event (id, year, competitionID, locationID)
VALUES (1120, '1992', 92, 162);
INSERT INTO DRL_event (id, year, competitionID, locationID)
VALUES (1121, '1992', 134, 239);
INSERT INTO DRL_event (id, year, competitionID, locationID)
VALUES (1122, '1993', 8, 192);
INSERT INTO DRL_event (id, year, competitionID, locationID)
VALUES (1123, '1993', 111, 191);
INSERT INTO DRL_event (id, year, competitionID, locationID)
VALUES (1124, '1993', 54, 85);
INSERT INTO DRL_event (id, year, competitionID, locationID)
VALUES (1125, '1993', 71, 124);
INSERT INTO DRL_event (id, year, competitionID, locationID)
VALUES (1126, '1993', 120, 218);
INSERT INTO DRL_event (id, year, competitionID, locationID)
VALUES (1127, '1994', 54, 85);
INSERT INTO DRL_event (id, year, competitionID, locationID)
VALUES (1128, '1994', 71, 124);
INSERT INTO DRL_event (id, year, competitionID, locationID)
VALUES (1129, '1994', 120, 218);
INSERT INTO DRL_event (id, year, competitionID, locationID)
VALUES (1130, '1994', 27, 268);
INSERT INTO DRL_event (id, year, competitionID, locationID)
VALUES (1131, '1995', 93, 164);
INSERT INTO DRL_event (id, year, competitionID, locationID)
VALUES (1132, '1995', 154, 265);
INSERT INTO DRL_event (id, year, competitionID, locationID)
VALUES (1133, '1995', 101, 174);
INSERT INTO DRL_event (id, year, competitionID, locationID)
VALUES (1134, '1995', 66, 115);
INSERT INTO DRL_event (id, year, competitionID, locationID)
VALUES (1135, '1995', 92, 162);
INSERT INTO DRL_event (id, year, competitionID, locationID)
VALUES (1136, '1995', 120, 218);
INSERT INTO DRL_event (id, year, competitionID, locationID)
VALUES (1137, '1995', 27, 21);
INSERT INTO DRL_event (id, year, competitionID, locationID)
VALUES (1138, '1996', 154, 265);
INSERT INTO DRL_event (id, year, competitionID, locationID)
VALUES (1139, '1996', 66, 115);
INSERT INTO DRL_event (id, year, competitionID, locationID)
VALUES (1140, '1996', 101, 174);
INSERT INTO DRL_event (id, year, competitionID, locationID)
VALUES (1141, '1996', 61, 107);
INSERT INTO DRL_event (id, year, competitionID, locationID)
VALUES (1142, '1996', 92, 162);
INSERT INTO DRL_event (id, year, competitionID, locationID)
VALUES (1143, '1996', 120, 218);
INSERT INTO DRL_event (id, year, competitionID, locationID)
VALUES (1144, '1997', 154, 265);
INSERT INTO DRL_event (id, year, competitionID, locationID)
VALUES (1145, '1997', 101, 174);
INSERT INTO DRL_event (id, year, competitionID, locationID)
VALUES (1146, '1997', 73, 127);
INSERT INTO DRL_event (id, year, competitionID, locationID)
VALUES (1147, '1997', 120, 218);
INSERT INTO DRL_event (id, year, competitionID, locationID)
VALUES (1148, '1997', 27, 60);
INSERT INTO DRL_event (id, year, competitionID, locationID)
VALUES (1149, '1998', 154, 265);
INSERT INTO DRL_event (id, year, competitionID, locationID)
VALUES (1150, '1998', 66, 115);
INSERT INTO DRL_event (id, year, competitionID, locationID)
VALUES (1151, '1998', 101, 174);
INSERT INTO DRL_event (id, year, competitionID, locationID)
VALUES (1152, '1998', 61, 107);
INSERT INTO DRL_event (id, year, competitionID, locationID)
VALUES (1153, '1998', 120, 218);
INSERT INTO DRL_event (id, year, competitionID, locationID)
VALUES (1154, '1998', 25, 45);
INSERT INTO DRL_event (id, year, competitionID, locationID)
VALUES (1155, '1998', 71, 124);
INSERT INTO DRL_event (id, year, competitionID, locationID)
VALUES (1156, '1998', 8, 108);
INSERT INTO DRL_event (id, year, competitionID, locationID)
VALUES (1157, '1998', 97, 169);
INSERT INTO DRL_event (id, year, competitionID, locationID)
VALUES (1158, '1999', 120, 218);
INSERT INTO DRL_event (id, year, competitionID, locationID)
VALUES (1159, '1999', 25, 45);
INSERT INTO DRL_event (id, year, competitionID, locationID)
VALUES (1160, '1999', 27, 108);
INSERT INTO DRL_event (id, year, competitionID, locationID)
VALUES (1161, '1999', 91, 159);
INSERT INTO DRL_event (id, year, competitionID, locationID)
VALUES (1162, '1999', 97, 169);
INSERT INTO DRL_event (id, year, competitionID, locationID)
VALUES (1163, '1999', 143, 242);
INSERT INTO DRL_event (id, year, competitionID, locationID)
VALUES (1164, '1999', 130, 229);
INSERT INTO DRL_event (id, year, competitionID, locationID)
VALUES (1165, '2000', 108, 171);
INSERT INTO DRL_event (id, year, competitionID, locationID)
VALUES (1166, '2000', 154, 265);
INSERT INTO DRL_event (id, year, competitionID, locationID)
VALUES (1167, '2000', 101, 174);
INSERT INTO DRL_event (id, year, competitionID, locationID)
VALUES (1168, '2000', 93, 164);
INSERT INTO DRL_event (id, year, competitionID, locationID)
VALUES (1169, '2000', 61, 107);
INSERT INTO DRL_event (id, year, competitionID, locationID)
VALUES (1170, '2000', 120, 218);
INSERT INTO DRL_event (id, year, competitionID, locationID)
VALUES (1171, '2000', 25, 45);
INSERT INTO DRL_event (id, year, competitionID, locationID)
VALUES (1172, '2000', 118, 215);
INSERT INTO DRL_event (id, year, competitionID, locationID)
VALUES (1173, '2000', 71, 124);
INSERT INTO DRL_event (id, year, competitionID, locationID)
VALUES (1174, '2000', 97, 169);
INSERT INTO DRL_event (id, year, competitionID, locationID)
VALUES (1175, '2000', 130, 229);
INSERT INTO DRL_event (id, year, competitionID, locationID)
VALUES (1176, '2001', 71, 124);
INSERT INTO DRL_event (id, year, competitionID, locationID)
VALUES (1177, '2001', 98, 170);
INSERT INTO DRL_event (id, year, competitionID, locationID)
VALUES (1178, '2002', 108, 39);
INSERT INTO DRL_event (id, year, competitionID, locationID)
VALUES (1179, '2002', 92, 162);
INSERT INTO DRL_event (id, year, competitionID, locationID)
VALUES (1180, '2002', 71, 124);
INSERT INTO DRL_event (id, year, competitionID, locationID)
VALUES (1181, '2004', 101, 174);
INSERT INTO DRL_event (id, year, competitionID, locationID)
VALUES (1182, '2004', 120, 218);
INSERT INTO DRL_event (id, year, competitionID, locationID)
VALUES (1183, '2004', 130, 229);
INSERT INTO DRL_event (id, year, competitionID, locationID)
VALUES (1184, '2005', 120, 218);
INSERT INTO DRL_event (id, year, competitionID, locationID)
VALUES (1185, '2005', 98, 170);
INSERT INTO DRL_event (id, year, competitionID, locationID)
VALUES (1186, '2006', 120, 218);
INSERT INTO DRL_event (id, year, competitionID, locationID)
VALUES (1187, '2006', 92, 162);
INSERT INTO DRL_event (id, year, competitionID, locationID)
VALUES (1188, '2007', 120, 218);
INSERT INTO DRL_event (id, year, competitionID, locationID)
VALUES (1189, '2007', 130, 229);
INSERT INTO DRL_event (id, year, competitionID, locationID)
VALUES (1190, '2015', 72, 125);
INSERT INTO DRL_event (id, year, competitionID, locationID)
VALUES (1191, '2015', 74, 14);
INSERT INTO DRL_event (id, year, competitionID, locationID)
VALUES (1192, '2015', 1, 100);
INSERT INTO DRL_event (id, year, competitionID, locationID)
VALUES (1193, '2015', 148, 38);
INSERT INTO DRL_event (id, year, competitionID, locationID)
VALUES (1194, '2015', 125, 197);
INSERT INTO DRL_event (id, year, competitionID, locationID)
VALUES (1195, '2015', 108, 20);
INSERT INTO DRL_event (id, year, competitionID, locationID)
VALUES (1196, '2015', 145, 245);
INSERT INTO DRL_event (id, year, competitionID, locationID)
VALUES (1197, '2015', 156, 272);
INSERT INTO DRL_event (id, year, competitionID, locationID)
VALUES (1198, '2015', 24, 43);
INSERT INTO DRL_event (id, year, competitionID, locationID)
VALUES (1199, '2015', 96, 110);
INSERT INTO DRL_event (id, year, competitionID, locationID)
VALUES (1200, '2015', 100, 25);
INSERT INTO DRL_event (id, year, competitionID, locationID)
VALUES (1201, '2015', 110, 212);
INSERT INTO DRL_event (id, year, competitionID, locationID)
VALUES (1202, '2015', 90, 136);
INSERT INTO DRL_event (id, year, competitionID, locationID)
VALUES (1203, '2015', 117, 214);
INSERT INTO DRL_event (id, year, competitionID, locationID)
VALUES (1204, '2015', 129, 228);
INSERT INTO DRL_event (id, year, competitionID, locationID)
VALUES (1205, '2015', 19, 26);
INSERT INTO DRL_event (id, year, competitionID, locationID)
VALUES (1206, '2015', 54, 85);
INSERT INTO DRL_event (id, year, competitionID, locationID)
VALUES (1207, '2015', 99, 171);
INSERT INTO DRL_event (id, year, competitionID, locationID)
VALUES (1208, '2015', 123, 222);
INSERT INTO DRL_event (id, year, competitionID, locationID)
VALUES (1209, '2015', 146, 229);
INSERT INTO DRL_event (id, year, competitionID, locationID)
VALUES (1210, '2015', 147, 229);
INSERT INTO DRL_event (id, year, competitionID, locationID)
VALUES (1211, '2015', 5, 66);
INSERT INTO DRL_event (id, year, competitionID, locationID)
VALUES (1212, '2015', 131, 234);
INSERT INTO DRL_event (id, year, competitionID, locationID)
VALUES (1213, '2015', 55, 87);
INSERT INTO DRL_event (id, year, competitionID, locationID)
VALUES (1214, '2015', 51, 82);
INSERT INTO DRL_event (id, year, competitionID, locationID)
VALUES (1215, '2015', 25, 45);
INSERT INTO DRL_event (id, year, competitionID, locationID)
VALUES (1216, '2015', 68, 116);
INSERT INTO DRL_event (id, year, competitionID, locationID)
VALUES (1217, '2015', 67, 116);
INSERT INTO DRL_event (id, year, competitionID, locationID)
VALUES (1218, '2015', 155, 272);
INSERT INTO DRL_event (id, year, competitionID, locationID)
VALUES (1219, '2015', 21, 33);
INSERT INTO DRL_event (id, year, competitionID, locationID)
VALUES (1220, '2015', 87, 156);
INSERT INTO DRL_event (id, year, competitionID, locationID)
VALUES (1221, '2015', 128, 227);
INSERT INTO DRL_event (id, year, competitionID, locationID)
VALUES (1222, '2015', 45, 132);
INSERT INTO DRL_event (id, year, competitionID, locationID)
VALUES (1223, '2015', 44, 180);
INSERT INTO DRL_event (id, year, competitionID, locationID)
VALUES (1224, '2015', 160, 279);
INSERT INTO DRL_event (id, year, competitionID, locationID)
VALUES (1225, '2015', 124, 5);
INSERT INTO DRL_event (id, year, competitionID, locationID)
VALUES (1226, '2015', 29, 49);
INSERT INTO DRL_event (id, year, competitionID, locationID)
VALUES (1227, '2015', 144, 243);
INSERT INTO DRL_event (id, year, competitionID, locationID)
VALUES (1228, '2015', 143, 242);
INSERT INTO DRL_event (id, year, competitionID, locationID)
VALUES (1229, '2015', 17, 21);
INSERT INTO DRL_event (id, year, competitionID, locationID)
VALUES (1230, '1948', 90, 179);
INSERT INTO DRL_event (id, year, competitionID, locationID)
VALUES (1231, '1950', 90, 178);
INSERT INTO DRL_event (id, year, competitionID, locationID)
VALUES (1232, '1949', 20, 32);
INSERT INTO DRL_event (id, year, competitionID, locationID)
VALUES (1233, '1951', 83, 145);
INSERT INTO DRL_event (id, year, competitionID, locationID)
VALUES (1234, '1951', 90, 146);
INSERT INTO DRL_event (id, year, competitionID, locationID)
VALUES (1235, '1951', 35, 64);
INSERT INTO DRL_event (id, year, competitionID, locationID)
VALUES (1236, '1951', 130, 229);
INSERT INTO DRL_event (id, year, competitionID, locationID)
VALUES (1237, '1951', 52, 83);
INSERT INTO DRL_event (id, year, competitionID, locationID)
VALUES (1238, '1951', 108, 239);
INSERT INTO DRL_event (id, year, competitionID, locationID)
VALUES (1239, '1952', 108, 20);
INSERT INTO DRL_event (id, year, competitionID, locationID)
VALUES (1240, '1952', 134, 239);
INSERT INTO DRL_event (id, year, competitionID, locationID)
VALUES (1241, '1952', 115, 210);
INSERT INTO DRL_event (id, year, competitionID, locationID)
VALUES (1242, '1952', 90, 233);
INSERT INTO DRL_event (id, year, competitionID, locationID)
VALUES (1243, '1952', 35, 64);
INSERT INTO DRL_event (id, year, competitionID, locationID)
VALUES (1244, '1952', 54, 85);
INSERT INTO DRL_event (id, year, competitionID, locationID)
VALUES (1245, '1952', 52, 83);
INSERT INTO DRL_event (id, year, competitionID, locationID)
VALUES (1246, '1953', 101, 174);
INSERT INTO DRL_event (id, year, competitionID, locationID)
VALUES (1247, '1953', 108, 110);
INSERT INTO DRL_event (id, year, competitionID, locationID)
VALUES (1248, '1953', 90, 259);
INSERT INTO DRL_event (id, year, competitionID, locationID)
VALUES (1249, '1953', 35, 64);
INSERT INTO DRL_event (id, year, competitionID, locationID)
VALUES (1250, '1953', 37, 67);
INSERT INTO DRL_event (id, year, competitionID, locationID)
VALUES (1251, '1953', 52, 83);
INSERT INTO DRL_event (id, year, competitionID, locationID)
VALUES (1252, '1954', 101, 174);
INSERT INTO DRL_event (id, year, competitionID, locationID)
VALUES (1253, '1954', 108, 135);
INSERT INTO DRL_event (id, year, competitionID, locationID)
VALUES (1254, '1954', 90, 269);
INSERT INTO DRL_event (id, year, competitionID, locationID)
VALUES (1255, '1954', 35, 64);
INSERT INTO DRL_event (id, year, competitionID, locationID)
VALUES (1256, '1954', 66, 115);
INSERT INTO DRL_event (id, year, competitionID, locationID)
VALUES (1257, '1954', 52, 83);
INSERT INTO DRL_event (id, year, competitionID, locationID)
VALUES (1258, '1954', 83, 145);
INSERT INTO DRL_event (id, year, competitionID, locationID)
VALUES (1259, '1954', 88, 158);
INSERT INTO DRL_event (id, year, competitionID, locationID)
VALUES (1260, '1954', 134, 239);
INSERT INTO DRL_event (id, year, competitionID, locationID)
VALUES (1261, '1955', 101, 174);
INSERT INTO DRL_event (id, year, competitionID, locationID)
VALUES (1262, '1955', 108, 26);
INSERT INTO DRL_event (id, year, competitionID, locationID)
VALUES (1263, '1955', 90, 109);
INSERT INTO DRL_event (id, year, competitionID, locationID)
VALUES (1264, '1955', 52, 83);
INSERT INTO DRL_event (id, year, competitionID, locationID)
VALUES (1265, '1956', 108, 2);
INSERT INTO DRL_event (id, year, competitionID, locationID)
VALUES (1266, '1956', 90, 62);
INSERT INTO DRL_event (id, year, competitionID, locationID)
VALUES (1267, '1956', 52, 83);
INSERT INTO DRL_event (id, year, competitionID, locationID)
VALUES (1268, '1957', 108, 4);
INSERT INTO DRL_event (id, year, competitionID, locationID)
VALUES (1269, '1957', 90, 145);
INSERT INTO DRL_event (id, year, competitionID, locationID)
VALUES (1270, '1957', 75, 133);
INSERT INTO DRL_event (id, year, competitionID, locationID)
VALUES (1271, '1957', 149, 255);
INSERT INTO DRL_event (id, year, competitionID, locationID)
VALUES (1272, '1957', 54, 85);
INSERT INTO DRL_event (id, year, competitionID, locationID)
VALUES (1273, '1957', 151, 259);
INSERT INTO DRL_event (id, year, competitionID, locationID)
VALUES (1274, '1957', 52, 83);
INSERT INTO DRL_event (id, year, competitionID, locationID)
VALUES (1275, '1957', 121, 31);
INSERT INTO DRL_event (id, year, competitionID, locationID, isUnusualTower)
VALUES (1276, '1957', 29, 45, 1);
INSERT INTO DRL_event (id, year, competitionID, locationID, isUnusualTower)
VALUES (1277, '1957', 130, 6, 1);
INSERT INTO DRL_event (id, year, competitionID, locationID)
VALUES (1278, '1958', 97, 169);
INSERT INTO DRL_event (id, year, competitionID, locationID)
VALUES (1279, '1958', 108, 64);
INSERT INTO DRL_event (id, year, competitionID, locationID)
VALUES (1280, '1958', 149, 255);
INSERT INTO DRL_event (id, year, competitionID, locationID)
VALUES (1281, '1958', 35, 64);
INSERT INTO DRL_event (id, year, competitionID, locationID, isUnusualTower)
VALUES (1282, '1958', 29, 85, 1);
INSERT INTO DRL_event (id, year, competitionID, locationID)
VALUES (1283, '1958', 90, 201);
INSERT INTO DRL_event (id, year, competitionID, locationID)
VALUES (1284, '1958', 8, 164);
INSERT INTO DRL_event (id, year, competitionID, locationID, isUnusualTower)
VALUES (1285, '1958', 54, 116, 1);
INSERT INTO DRL_event (id, year, competitionID, locationID)
VALUES (1286, '1958', 95, 166);
INSERT INTO DRL_event (id, year, competitionID, locationID)
VALUES (1287, '1958', 52, 83);
INSERT INTO DRL_event (id, year, competitionID, locationID)
VALUES (1288, '1958', 134, 239);
INSERT INTO DRL_event (id, year, competitionID, locationID)
VALUES (1289, '1959', 108, 166);
INSERT INTO DRL_event (id, year, competitionID, locationID)
VALUES (1290, '1959', 151, 259);
INSERT INTO DRL_event (id, year, competitionID, locationID)
VALUES (1291, '1959', 35, 64);
INSERT INTO DRL_event (id, year, competitionID, locationID)
VALUES (1292, '1959', 8, 107);
INSERT INTO DRL_event (id, year, competitionID, locationID)
VALUES (1293, '1959', 54, 85);
INSERT INTO DRL_event (id, year, competitionID, locationID, isUnusualTower)
VALUES (1294, '1959', 19, 228, 1);
INSERT INTO DRL_event (id, year, competitionID, locationID)
VALUES (1295, '1959', 95, 166);
INSERT INTO DRL_event (id, year, competitionID, locationID)
VALUES (1296, '1959', 52, 83);
INSERT INTO DRL_event (id, year, competitionID, locationID, isUnusualTower)
VALUES (1297, '1959', 130, 52, 1);
INSERT INTO DRL_event (id, year, competitionID, locationID, isUnusualTower)
VALUES (1298, '1959', 29, 265, 1);
INSERT INTO DRL_event (id, year, competitionID, locationID)
VALUES (1299, '1960', 108, 85);
INSERT INTO DRL_event (id, year, competitionID, locationID)
VALUES (1300, '1960', 90, 34);
INSERT INTO DRL_event (id, year, competitionID, locationID)
VALUES (1301, '1960', 35, 64);
INSERT INTO DRL_event (id, year, competitionID, locationID)
VALUES (1302, '1960', 52, 83);
INSERT INTO DRL_event (id, year, competitionID, locationID)
VALUES (1303, '1960', 8, 105);
INSERT INTO DRL_event (id, year, competitionID, locationID)
VALUES (1304, '1961', 8, 116);
INSERT INTO DRL_event (id, year, competitionID, locationID)
VALUES (1305, '1961', 21, 33);
INSERT INTO DRL_event (id, year, competitionID, locationID)
VALUES (1306, '1961', 108, 113);
INSERT INTO DRL_event (id, year, competitionID, locationID)
VALUES (1307, '1961', 151, 259);
INSERT INTO DRL_event (id, year, competitionID, locationID)
VALUES (1308, '1961', 54, 85);
INSERT INTO DRL_event (id, year, competitionID, locationID)
VALUES (1309, '1961', 114, 203);
INSERT INTO DRL_event (id, year, competitionID, locationID)
VALUES (1310, '1961', 52, 83);
INSERT INTO DRL_event (id, year, competitionID, locationID, isUnusualTower)
VALUES (1311, '1961', 157, 206, 1);
INSERT INTO DRL_event (id, year, competitionID, locationID, isUnusualTower)
VALUES (1312, '1961', 29, 229, 1);
INSERT INTO DRL_event (id, year, competitionID, locationID)
VALUES (1313, '1962', 8, 174);
INSERT INTO DRL_event (id, year, competitionID, locationID)
VALUES (1314, '1962', 108, 239);
INSERT INTO DRL_event (id, year, competitionID, locationID)
VALUES (1315, '1962', 60, 174);
INSERT INTO DRL_event (id, year, competitionID, locationID)
VALUES (1316, '1962', 90, 278);
INSERT INTO DRL_event (id, year, competitionID, locationID)
VALUES (1317, '1962', 30, 51);
INSERT INTO DRL_event (id, year, competitionID, locationID)
VALUES (1318, '1962', 151, 259);
INSERT INTO DRL_event (id, year, competitionID, locationID)
VALUES (1319, '1962', 54, 85);
INSERT INTO DRL_event (id, year, competitionID, locationID)
VALUES (1320, '1962', 114, 203);
INSERT INTO DRL_event (id, year, competitionID, locationID, isUnusualTower)
VALUES (1321, '1962', 19, 94, 1);
INSERT INTO DRL_event (id, year, competitionID, locationID)
VALUES (1322, '1962', 121, 4);
INSERT INTO DRL_event (id, year, competitionID, locationID, isUnusualTower)
VALUES (1323, '1962', 29, 116, 1);
INSERT INTO DRL_event (id, year, competitionID, locationID)
VALUES (1324, '1962', 89, 210);
INSERT INTO DRL_event (id, year, competitionID, locationID)
VALUES (1325, '1963', 8, 32);
INSERT INTO DRL_event (id, year, competitionID, locationID)
VALUES (1326, '1963', 109, 59);
INSERT INTO DRL_event (id, year, competitionID, locationID)
VALUES (1327, '1963', 108, 134);
INSERT INTO DRL_event (id, year, competitionID, locationID)
VALUES (1328, '1963', 30, 51);
INSERT INTO DRL_event (id, year, competitionID, locationID)
VALUES (1329, '1963', 151, 259);
INSERT INTO DRL_event (id, year, competitionID, locationID)
VALUES (1330, '1963', 54, 85);
INSERT INTO DRL_event (id, year, competitionID, locationID)
VALUES (1331, '1963', 142, 242);
INSERT INTO DRL_event (id, year, competitionID, locationID)
VALUES (1332, '1963', 143, 242);
INSERT INTO DRL_event (id, year, competitionID, locationID)
VALUES (1333, '1963', 141, 170);
INSERT INTO DRL_event (id, year, competitionID, locationID)
VALUES (1334, '1963', 89, 275);
INSERT INTO DRL_event (id, year, competitionID, locationID)
VALUES (1335, '1964', 113, 201);
INSERT INTO DRL_event (id, year, competitionID, locationID)
VALUES (1336, '1964', 8, 268);
INSERT INTO DRL_event (id, year, competitionID, locationID)
VALUES (1337, '1964', 108, 170);
INSERT INTO DRL_event (id, year, competitionID, locationID)
VALUES (1338, '1964', 54, 85);
INSERT INTO DRL_event (id, year, competitionID, locationID)
VALUES (1339, '1964', 114, 203);
INSERT INTO DRL_event (id, year, competitionID, locationID)
VALUES (1340, '1964', 52, 83);
INSERT INTO DRL_event (id, year, competitionID, locationID)
VALUES (1341, '1964', 141, 229);
INSERT INTO DRL_event (id, year, competitionID, locationID)
VALUES (1342, '1964', 89, 20);
INSERT INTO DRL_event (id, year, competitionID, locationID)
VALUES (1343, '1964', 30, 51);
INSERT INTO DRL_event (id, year, competitionID, locationID)
VALUES (1344, '1964', 77, 134);
INSERT INTO DRL_event (id, year, competitionID, locationID)
VALUES (1345, '1965', 8, 128);
INSERT INTO DRL_event (id, year, competitionID, locationID)
VALUES (1346, '1965', 108, 169);
INSERT INTO DRL_event (id, year, competitionID, locationID)
VALUES (1347, '1965', 35, 64);
INSERT INTO DRL_event (id, year, competitionID, locationID)
VALUES (1348, '1965', 141, 150);
INSERT INTO DRL_event (id, year, competitionID, locationID, isUnusualTower)
VALUES (1349, '1965', 19, 213, 1);
INSERT INTO DRL_event (id, year, competitionID, locationID)
VALUES (1350, '1965', 52, 83);
INSERT INTO DRL_event (id, year, competitionID, locationID)
VALUES (1351, '1965', 89, 206);
INSERT INTO DRL_event (id, year, competitionID, locationID)
VALUES (1352, '1965', 30, 51);
INSERT INTO DRL_event (id, year, competitionID, locationID)
VALUES (1353, '1966', 134, 239);
INSERT INTO DRL_event (id, year, competitionID, locationID)
VALUES (1354, '1966', 113, 201);
INSERT INTO DRL_event (id, year, competitionID, locationID)
VALUES (1355, '1966', 8, 21);
INSERT INTO DRL_event (id, year, competitionID, locationID)
VALUES (1356, '1966', 108, 17);
INSERT INTO DRL_event (id, year, competitionID, locationID)
VALUES (1357, '1966', 54, 85);
INSERT INTO DRL_event (id, year, competitionID, locationID)
VALUES (1358, '1966', 141, 181);
INSERT INTO DRL_event (id, year, competitionID, locationID)
VALUES (1359, '1966', 19, 26);
INSERT INTO DRL_event (id, year, competitionID, locationID)
VALUES (1360, '1966', 52, 83);
INSERT INTO DRL_event (id, year, competitionID, locationID)
VALUES (1361, '1966', 121, 218);
INSERT INTO DRL_event (id, year, competitionID, locationID)
VALUES (1362, '1966', 89, 275);
INSERT INTO DRL_event (id, year, competitionID, locationID)
VALUES (1363, '1967', 93, 164);
INSERT INTO DRL_event (id, year, competitionID, locationID)
VALUES (1364, '1967', 8, 242);
INSERT INTO DRL_event (id, year, competitionID, locationID)
VALUES (1365, '1967', 108, 145);
INSERT INTO DRL_event (id, year, competitionID, locationID)
VALUES (1366, '1967', 134, 239);
INSERT INTO DRL_event (id, year, competitionID, locationID)
VALUES (1367, '1967', 54, 85);
INSERT INTO DRL_event (id, year, competitionID, locationID)
VALUES (1368, '1967', 130, 229);
INSERT INTO DRL_event (id, year, competitionID, locationID)
VALUES (1369, '1968', 93, 164);
INSERT INTO DRL_event (id, year, competitionID, locationID)
VALUES (1370, '1968', 8, 8);
INSERT INTO DRL_event (id, year, competitionID, locationID)
VALUES (1371, '1968', 108, 227);
INSERT INTO DRL_event (id, year, competitionID, locationID)
VALUES (1372, '1968', 130, 229);
INSERT INTO DRL_event (id, year, competitionID, locationID)
VALUES (1373, '1969', 8, 107);
INSERT INTO DRL_event (id, year, competitionID, locationID)
VALUES (1374, '1969', 108, 31);
INSERT INTO DRL_event (id, year, competitionID, locationID)
VALUES (1375, '1969', 90, 45);
INSERT INTO DRL_event (id, year, competitionID, locationID)
VALUES (1376, '1969', 54, 85);
INSERT INTO DRL_event (id, year, competitionID, locationID)
VALUES (1377, '1969', 134, 239);
INSERT INTO DRL_event (id, year, competitionID, locationID)
VALUES (1378, '1969', 130, 229);
INSERT INTO DRL_event (id, year, competitionID, locationID)
VALUES (1379, '1970', 8, 265);
INSERT INTO DRL_event (id, year, competitionID, locationID)
VALUES (1380, '1970', 108, 23);
INSERT INTO DRL_event (id, year, competitionID, locationID)
VALUES (1381, '1970', 90, 74);
INSERT INTO DRL_event (id, year, competitionID, locationID)
VALUES (1382, '1970', 65, 3);
INSERT INTO DRL_event (id, year, competitionID, locationID)
VALUES (1383, '1970', 54, 85);
INSERT INTO DRL_event (id, year, competitionID, locationID)
VALUES (1384, '1970', 141, 60);
INSERT INTO DRL_event (id, year, competitionID, locationID)
VALUES (1385, '1970', 114, 203);
INSERT INTO DRL_event (id, year, competitionID, locationID)
VALUES (1386, '1970', 159, 277);
INSERT INTO DRL_event (id, year, competitionID, locationID)
VALUES (1387, '1970', 134, 239);
INSERT INTO DRL_event (id, year, competitionID, locationID)
VALUES (1388, '1970', 29, 49);
INSERT INTO DRL_event (id, year, competitionID, locationID)
VALUES (1389, '1970', 52, 83);
INSERT INTO DRL_event (id, year, competitionID, locationID)
VALUES (1390, '1970', 122, 135);
INSERT INTO DRL_event (id, year, competitionID, locationID)
VALUES (1391, '1971', 8, 116);
INSERT INTO DRL_event (id, year, competitionID, locationID)
VALUES (1392, '1971', 108, 20);
INSERT INTO DRL_event (id, year, competitionID, locationID)
VALUES (1393, '1971', 25, 45);
INSERT INTO DRL_event (id, year, competitionID, locationID)
VALUES (1394, '1971', 3, 3);
INSERT INTO DRL_event (id, year, competitionID, locationID)
VALUES (1395, '1971', 54, 85);
INSERT INTO DRL_event (id, year, competitionID, locationID)
VALUES (1396, '1971', 141, 191);
INSERT INTO DRL_event (id, year, competitionID, locationID)
VALUES (1397, '1971', 52, 83);
INSERT INTO DRL_event (id, year, competitionID, locationID)
VALUES (1398, '1971', 121, 239);
INSERT INTO DRL_event (id, year, competitionID, locationID)
VALUES (1399, '1971', 130, 229);
INSERT INTO DRL_event (id, year, competitionID, locationID)
VALUES (1400, '1972', 89, 92);
INSERT INTO DRL_event (id, year, competitionID, locationID)
VALUES (1401, '1972', 8, 174);
INSERT INTO DRL_event (id, year, competitionID, locationID)
VALUES (1402, '1972', 108, 240);
INSERT INTO DRL_event (id, year, competitionID, locationID)
VALUES (1403, '1972', 3, 3);
INSERT INTO DRL_event (id, year, competitionID, locationID)
VALUES (1404, '1972', 159, 277);
INSERT INTO DRL_event (id, year, competitionID, locationID)
VALUES (1405, '1972', 93, 164);
INSERT INTO DRL_event (id, year, competitionID, locationID)
VALUES (1406, '1972', 52, 83);
INSERT INTO DRL_event (id, year, competitionID, locationID)
VALUES (1407, '1972', 121, 254);
INSERT INTO DRL_event (id, year, competitionID, locationID)
VALUES (1408, '1973', 8, 192);
INSERT INTO DRL_event (id, year, competitionID, locationID)
VALUES (1409, '1973', 108, 33);
INSERT INTO DRL_event (id, year, competitionID, locationID)
VALUES (1410, '1973', 4, 3);
INSERT INTO DRL_event (id, year, competitionID, locationID)
VALUES (1411, '1973', 3, 3);
INSERT INTO DRL_event (id, year, competitionID, locationID)
VALUES (1412, '1973', 143, 242);
INSERT INTO DRL_event (id, year, competitionID, locationID)
VALUES (1413, '1973', 142, 242);
INSERT INTO DRL_event (id, year, competitionID, locationID)
VALUES (1414, '1973', 54, 85);
INSERT INTO DRL_event (id, year, competitionID, locationID)
VALUES (1415, '1973', 141, 28);
INSERT INTO DRL_event (id, year, competitionID, locationID)
VALUES (1416, '1973', 25, 45);
INSERT INTO DRL_event (id, year, competitionID, locationID)
VALUES (1417, '1973', 93, 164);
INSERT INTO DRL_event (id, year, competitionID, locationID, isUnusualTower)
VALUES (1418, '1973', 134, 145, 1);
INSERT INTO DRL_event (id, year, competitionID, locationID)
VALUES (1419, '1973', 121, 153);
INSERT INTO DRL_event (id, year, competitionID, locationID)
VALUES (1420, '1973', 130, 229);
INSERT INTO DRL_event (id, year, competitionID, locationID)
VALUES (1421, '1974', 8, 115);
INSERT INTO DRL_event (id, year, competitionID, locationID)
VALUES (1422, '1974', 108, 49);
INSERT INTO DRL_event (id, year, competitionID, locationID)
VALUES (1423, '1974', 3, 3);
INSERT INTO DRL_event (id, year, competitionID, locationID)
VALUES (1424, '1974', 4, 3);
INSERT INTO DRL_event (id, year, competitionID, locationID)
VALUES (1425, '1974', 54, 85);
INSERT INTO DRL_event (id, year, competitionID, locationID)
VALUES (1426, '1974', 25, 45);
INSERT INTO DRL_event (id, year, competitionID, locationID)
VALUES (1427, '1974', 141, 189);
INSERT INTO DRL_event (id, year, competitionID, locationID)
VALUES (1428, '1974', 93, 164);
INSERT INTO DRL_event (id, year, competitionID, locationID, isUnusualTower)
VALUES (1429, '1974', 134, 264, 1);
INSERT INTO DRL_event (id, year, competitionID, locationID)
VALUES (1430, '1974', 121, 4);
INSERT INTO DRL_event (id, year, competitionID, locationID)
VALUES (1431, '1974', 52, 83);
INSERT INTO DRL_event (id, year, competitionID, locationID)
VALUES (1432, '1974', 130, 229);
INSERT INTO DRL_event (id, year, competitionID, locationID)
VALUES (1433, '1975', 8, 32);
INSERT INTO DRL_event (id, year, competitionID, locationID)
VALUES (1434, '1975', 108, 2);
INSERT INTO DRL_event (id, year, competitionID, locationID)
VALUES (1435, '1975', 54, 85);
INSERT INTO DRL_event (id, year, competitionID, locationID)
VALUES (1436, '1975', 141, 23);
INSERT INTO DRL_event (id, year, competitionID, locationID)
VALUES (1437, '1975', 90, 31);
INSERT INTO DRL_event (id, year, competitionID, locationID)
VALUES (1438, '1975', 3, 3);
INSERT INTO DRL_event (id, year, competitionID, locationID)
VALUES (1439, '1975', 25, 45);
INSERT INTO DRL_event (id, year, competitionID, locationID)
VALUES (1440, '1975', 93, 164);
INSERT INTO DRL_event (id, year, competitionID, locationID)
VALUES (1441, '1975', 126, 104);
INSERT INTO DRL_event (id, year, competitionID, locationID)
VALUES (1442, '1975', 121, 218);
INSERT INTO DRL_event (id, year, competitionID, locationID)
VALUES (1443, '1976', 8, 164);
INSERT INTO DRL_event (id, year, competitionID, locationID)
VALUES (1444, '1976', 3, 3);
INSERT INTO DRL_event (id, year, competitionID, locationID)
VALUES (1445, '1976', 54, 85);
INSERT INTO DRL_event (id, year, competitionID, locationID)
VALUES (1446, '1976', 25, 45);
INSERT INTO DRL_event (id, year, competitionID, locationID)
VALUES (1447, '1976', 141, 276);
INSERT INTO DRL_event (id, year, competitionID, locationID)
VALUES (1448, '1976', 26, 32);
INSERT INTO DRL_event (id, year, competitionID, locationID)
VALUES (1449, '1976', 93, 164);
INSERT INTO DRL_event (id, year, competitionID, locationID)
VALUES (1450, '1976', 130, 229);
INSERT INTO DRL_event (id, year, competitionID, locationID)
VALUES (1451, '1977', 8, 128);
INSERT INTO DRL_event (id, year, competitionID, locationID)
VALUES (1452, '1977', 25, 45);
INSERT INTO DRL_event (id, year, competitionID, locationID)
VALUES (1453, '1977', 26, 239);
INSERT INTO DRL_event (id, year, competitionID, locationID)
VALUES (1454, '1977', 121, 31);
INSERT INTO DRL_event (id, year, competitionID, locationID)
VALUES (1455, '1978', 8, 242);
INSERT INTO DRL_event (id, year, competitionID, locationID)
VALUES (1456, '1978', 25, 45);
INSERT INTO DRL_event (id, year, competitionID, locationID)
VALUES (1457, '2016', 72, 125);
INSERT INTO DRL_event (id, year, competitionID, locationID)
VALUES (1458, '2016', 74, 129);
INSERT INTO DRL_event (id, year, competitionID, locationID)
VALUES (1459, '2016', 148, 14);
INSERT INTO DRL_event (id, year, competitionID, locationID)
VALUES (1460, '2016', 125, 53);
INSERT INTO DRL_event (id, year, competitionID, locationID)
VALUES (1461, '2016', 108, 28);
INSERT INTO DRL_event (id, year, competitionID, locationID)
VALUES (1462, '2016', 102, 273);
INSERT INTO DRL_event (id, year, competitionID, locationID)
VALUES (1463, '2016', 47, 187);
INSERT INTO DRL_event (id, year, competitionID, locationID)
VALUES (1464, '2016', 48, 220);
INSERT INTO DRL_event (id, year, competitionID, locationID)
VALUES (1465, '2016', 96, 138);
INSERT INTO DRL_event (id, year, competitionID, locationID)
VALUES (1466, '2016', 110, 12);
INSERT INTO DRL_event (id, year, competitionID, locationID)
VALUES (1467, '2016', 112, 196);
INSERT INTO DRL_event (id, year, competitionID, locationID)
VALUES (1468, '2016', 100, 43);
INSERT INTO DRL_event (id, year, competitionID, locationID)
VALUES (1469, '2015', 71, 124);
INSERT INTO DRL_event (id, year, competitionID, locationID)
VALUES (1470, '2015', 52, 83);
INSERT INTO DRL_event (id, year, competitionID, locationID)
VALUES (1471, '1962', 44, 251);
INSERT INTO DRL_event (id, year, competitionID, locationID)
VALUES (1472, '1962', 50, 80);
INSERT INTO DRL_event (id, year, competitionID, locationID)
VALUES (1473, '1962', 100, 161);
INSERT INTO DRL_event (id, year, competitionID, locationID)
VALUES (1474, '1962', 124, 117);
INSERT INTO DRL_event (id, year, competitionID, locationID)
VALUES (1475, '1963', 100, 129);
INSERT INTO DRL_event (id, year, competitionID, locationID)
VALUES (1476, '1964', 44, 46);
INSERT INTO DRL_event (id, year, competitionID, locationID)
VALUES (1477, '1964', 21, 33);
INSERT INTO DRL_event (id, year, competitionID, locationID)
VALUES (1478, '1964', 148, 254);
INSERT INTO DRL_event (id, year, competitionID, locationID)
VALUES (1479, '1964', 129, 228);
INSERT INTO DRL_event (id, year, competitionID, locationID)
VALUES (1480, '1964', 56, 133);
INSERT INTO DRL_event (id, year, competitionID, locationID)
VALUES (1481, '1964', 94, 165);
INSERT INTO DRL_event (id, year, competitionID, locationID)
VALUES (1482, '1965', 44, 224);
INSERT INTO DRL_event (id, year, competitionID, locationID)
VALUES (1483, '1965', 148, 254);
INSERT INTO DRL_event (id, year, competitionID, locationID)
VALUES (1484, '1965', 21, 33);
INSERT INTO DRL_event (id, year, competitionID, locationID)
VALUES (1485, '1965', 100, 272);
INSERT INTO DRL_event (id, year, competitionID, locationID)
VALUES (1486, '1965', 129, 228);
INSERT INTO DRL_event (id, year, competitionID, locationID)
VALUES (1487, '1965', 22, 34);
INSERT INTO DRL_event (id, year, competitionID, locationID)
VALUES (1488, '1965', 117, 214);
INSERT INTO DRL_event (id, year, competitionID, locationID)
VALUES (1489, '1965', 94, 165);
INSERT INTO DRL_event (id, year, competitionID, locationID)
VALUES (1490, '1965', 124, 142);
INSERT INTO DRL_event (id, year, competitionID, locationID)
VALUES (1491, '1966', 44, 25);
INSERT INTO DRL_event (id, year, competitionID, locationID)
VALUES (1492, '1966', 21, 33);
INSERT INTO DRL_event (id, year, competitionID, locationID)
VALUES (1493, '1966', 148, 254);
INSERT INTO DRL_event (id, year, competitionID, locationID)
VALUES (1494, '1966', 100, 126);
INSERT INTO DRL_event (id, year, competitionID, locationID)
VALUES (1495, '1966', 129, 228);
INSERT INTO DRL_event (id, year, competitionID, locationID)
VALUES (1496, '1966', 117, 214);
INSERT INTO DRL_event (id, year, competitionID, locationID)
VALUES (1497, '1966', 155, 272);
INSERT INTO DRL_event (id, year, competitionID, locationID)
VALUES (1498, '1966', 124, 43);
INSERT INTO DRL_event (id, year, competitionID, locationID)
VALUES (1499, '1967', 131, 234);
INSERT INTO DRL_event (id, year, competitionID, locationID)
VALUES (1500, '1968', 100, 142);
INSERT INTO DRL_event (id, year, competitionID, locationID)
VALUES (1501, '1968', 128, 227);
INSERT INTO DRL_event (id, year, competitionID, locationID)
VALUES (1502, '1971', 128, 227);
INSERT INTO DRL_event (id, year, competitionID, locationID)
VALUES (1503, '1972', 74, 46);
INSERT INTO DRL_event (id, year, competitionID, locationID)
VALUES (1504, '1972', 100, 173);
INSERT INTO DRL_event (id, year, competitionID, locationID)
VALUES (1505, '1972', 128, 227);
INSERT INTO DRL_event (id, year, competitionID, locationID)
VALUES (1506, '1972', 129, 228);
INSERT INTO DRL_event (id, year, competitionID, locationID)
VALUES (1507, '1972', 57, 193);
INSERT INTO DRL_event (id, year, competitionID, locationID)
VALUES (1508, '1972', 19, 26);
INSERT INTO DRL_event (id, year, competitionID, locationID)
VALUES (1509, '1972', 21, 33);
INSERT INTO DRL_event (id, year, competitionID, locationID)
VALUES (1510, '1973', 74, 278);
INSERT INTO DRL_event (id, year, competitionID, locationID)
VALUES (1511, '1973', 100, 69);
INSERT INTO DRL_event (id, year, competitionID, locationID)
VALUES (1512, '1974', 32, 52);
INSERT INTO DRL_event (id, year, competitionID, locationID)
VALUES (1513, '1974', 100, 176);
INSERT INTO DRL_event (id, year, competitionID, locationID)
VALUES (1514, '1974', 22, 34);
INSERT INTO DRL_event (id, year, competitionID, locationID)
VALUES (1515, '1965', 56, 263);
INSERT INTO DRL_event (id, year, competitionID, locationID)
VALUES (1516, '2016', 90, 9);
INSERT INTO DRL_event (id, year, competitionID, locationID)
VALUES (1517, '2016', 117, 214);
INSERT INTO DRL_event (id, year, competitionID, locationID)
VALUES (1518, '2016', 129, 228);
INSERT INTO DRL_event (id, year, competitionID, locationID)
VALUES (1519, '2016', 99, 171);
INSERT INTO DRL_event (id, year, competitionID, locationID)
VALUES (1520, '2016', 19, 26);
INSERT INTO DRL_event (id, year, competitionID, locationID)
VALUES (1521, '2016', 54, 85);
INSERT INTO DRL_event (id, year, competitionID, locationID)
VALUES (1522, '2016', 123, 222);
INSERT INTO DRL_event (id, year, competitionID, locationID)
VALUES (1523, '2016', 146, 259);
INSERT INTO DRL_event (id, year, competitionID, locationID)
VALUES (1524, '2016', 147, 259);
INSERT INTO DRL_event (id, year, competitionID, locationID)
VALUES (1525, '2016', 131, 234);
INSERT INTO DRL_event (id, year, competitionID, locationID)
VALUES (1526, '2016', 5, 66);
INSERT INTO DRL_event (id, year, competitionID, locationID)
VALUES (1527, '2016', 51, 82);
INSERT INTO DRL_event (id, year, competitionID, locationID)
VALUES (1528, '2016', 55, 87);
INSERT INTO DRL_event (id, year, competitionID, locationID)
VALUES (1529, '2016', 25, 45);
INSERT INTO DRL_event (id, year, competitionID, locationID)
VALUES (1530, '2016', 67, 116);
INSERT INTO DRL_event (id, year, competitionID, locationID)
VALUES (1531, '2016', 68, 116);
INSERT INTO DRL_event (id, year, competitionID, locationID)
VALUES (1532, '2016', 155, 272);
INSERT INTO DRL_event (id, year, competitionID, locationID)
VALUES (1533, '2016', 160, 279);
INSERT INTO DRL_event (id, year, competitionID, locationID)
VALUES (1534, '2016', 128, 227);
INSERT INTO DRL_event (id, year, competitionID, locationID)
VALUES (1535, '2016', 87, 156);
INSERT INTO DRL_event (id, year, competitionID, locationID)
VALUES (1536, '2016', 21, 33);
INSERT INTO DRL_event (id, year, competitionID, locationID)
VALUES (1537, '2016', 44, 75);
INSERT INTO DRL_event (id, year, competitionID, locationID)
VALUES (1538, '2016', 76, 22);
INSERT INTO DRL_event (id, year, competitionID, locationID)
VALUES (1539, '2016', 52, 83);
INSERT INTO DRL_event (id, year, competitionID, locationID)
VALUES (1540, '2016', 71, 124);
INSERT INTO DRL_event (id, year, competitionID, locationID)
VALUES (1541, '2016', 29, 49);
INSERT INTO DRL_event (id, year, competitionID, locationID)
VALUES (1542, '2016', 39, 125);
INSERT INTO DRL_event (id, year, competitionID, locationID)
VALUES (1543, '2016', 130, 229);
INSERT INTO DRL_event (id, year, competitionID, locationID)
VALUES (1544, '2016', 144, 243);
INSERT INTO DRL_event (id, year, competitionID, locationID)
VALUES (1545, '2016', 69, 117);
INSERT INTO DRL_event (id, year, competitionID, locationID)
VALUES (1546, '2016', 143, 142);
INSERT INTO DRL_event (id, year, competitionID, locationID)
VALUES (1547, '2016', 105, 141);
INSERT INTO DRL_event (id, year, competitionID, locationID)
VALUES (1548, '2016', 36, 65);
INSERT INTO DRL_event (id, year, competitionID, locationID)
VALUES (1549, '2016', 82, 144);
INSERT INTO DRL_event (id, year, competitionID, locationID)
VALUES (1550, '2017', 72, 125);
INSERT INTO DRL_event (id, year, competitionID, locationID)
VALUES (1551, '2017', 74, 214);
INSERT INTO DRL_event (id, year, competitionID, locationID)
VALUES (1552, '2107', 48, 178);
INSERT INTO DRL_event (id, year, competitionID, locationID)
VALUES (1553, '2017', 47, 219);
INSERT INTO DRL_event (id, year, competitionID, locationID)
VALUES (1554, '2017', 148, 76);
INSERT INTO DRL_event (id, year, competitionID, locationID)
VALUES (1555, '2017', 125, 243);
INSERT INTO DRL_event (id, year, competitionID, locationID)
VALUES (1556, '2017', 108, 21);
INSERT INTO DRL_event (id, year, competitionID, locationID)
VALUES (1557, '2017', 96, 59);
INSERT INTO DRL_event (id, year, competitionID, locationID)
VALUES (1558, '2017', 112, 262);
INSERT INTO DRL_event (id, year, competitionID, locationID)
VALUES (1559, '2017', 110, 227);
INSERT INTO DRL_event (id, year, competitionID, locationID)
VALUES (1560, '2017', 90, 87);
INSERT INTO DRL_event (id, year, competitionID, locationID)
VALUES (1561, '2017', 129, 228);
INSERT INTO DRL_event (id, year, competitionID, locationID)
VALUES (1562, '2017', 99, 171);
INSERT INTO DRL_event (id, year, competitionID, locationID)
VALUES (1563, '2017', 54, 85);
INSERT INTO DRL_event (id, year, competitionID, locationID)
VALUES (1564, '2017', 19, 26);
INSERT INTO DRL_event (id, year, competitionID, locationID)
VALUES (1565, '2017', 146, 27);
INSERT INTO DRL_event (id, year, competitionID, locationID)
VALUES (1566, '2017', 147, 27);
INSERT INTO DRL_event (id, year, competitionID, locationID)
VALUES (1567, '2017', 5, 66);
INSERT INTO DRL_event (id, year, competitionID, locationID)
VALUES (1568, '2017', 131, 234);
INSERT INTO DRL_event (id, year, competitionID, locationID)
VALUES (1569, '2017', 6, 6);
INSERT INTO DRL_event (id, year, competitionID, locationID)
VALUES (1570, '2017', 25, 45);
INSERT INTO DRL_event (id, year, competitionID, locationID)
VALUES (1571, '2017', 68, 116);
INSERT INTO DRL_event (id, year, competitionID, locationID)
VALUES (1572, '2017', 67, 116);
INSERT INTO DRL_event (id, year, competitionID, locationID)
VALUES (1573, '2017', 155, 272);
INSERT INTO DRL_event (id, year, competitionID, locationID)
VALUES (1574, '2017', 63, 111);
INSERT INTO DRL_event (id, year, competitionID, locationID)
VALUES (1575, '2017', 87, 156);
INSERT INTO DRL_event (id, year, competitionID, locationID)
VALUES (1576, '2017', 21, 33);
INSERT INTO DRL_event (id, year, competitionID, locationID)
VALUES (1577, '2017', 160, 279);
INSERT INTO DRL_event (id, year, competitionID, locationID)
VALUES (1578, '2017', 128, 227);
INSERT INTO DRL_event (id, year, competitionID, locationID)
VALUES (1579, '2017', 44, 224);
INSERT INTO DRL_event (id, year, competitionID, locationID)
VALUES (1580, '2017', 71, 124);
INSERT INTO DRL_event (id, year, competitionID, locationID)
VALUES (1581, '2017', 124, 248);
INSERT INTO DRL_event (id, year, competitionID, locationID)
VALUES (1582, '2017', 14, 18);
INSERT INTO DRL_event (id, year, competitionID, locationID)
VALUES (1583, '2017', 29, 49);
INSERT INTO DRL_event (id, year, competitionID, locationID)
VALUES (1584, '2017', 39, 213);
INSERT INTO DRL_event (id, year, competitionID, locationID)
VALUES (1585, '2017', 144, 243);
INSERT INTO DRL_event (id, year, competitionID, locationID)
VALUES (1586, '2017', 130, 229);
INSERT INTO DRL_event (id, year, competitionID, locationID)
VALUES (1587, '2017', 105, 235);
INSERT INTO DRL_event (id, year, competitionID, locationID)
VALUES (1588, '2017', 17, 21);
INSERT INTO DRL_event (id, year, competitionID, locationID)
VALUES (1589, '2017', 143, 242);
INSERT INTO DRL_event (id, year, competitionID, locationID)
VALUES (1590, '2017', 82, 144);
INSERT INTO DRL_event (id, year, competitionID, locationID)
VALUES (1591, '2018', 72, 125);
INSERT INTO DRL_event (id, year, competitionID, locationID)
VALUES (1592, '2018', 138, 254);
INSERT INTO DRL_event (id, year, competitionID, locationID)
VALUES (1593, '2018', 139, 254);
INSERT INTO DRL_event (id, year, competitionID, locationID)
VALUES (1594, '2018', 48, 102);
INSERT INTO DRL_event (id, year, competitionID, locationID)
VALUES (1595, '2018', 47, 157);
INSERT INTO DRL_event (id, year, competitionID, locationID)
VALUES (1596, '2018', 148, 71);
INSERT INTO DRL_event (id, year, competitionID, locationID)
VALUES (1597, '2018', 74, 54);
INSERT INTO DRL_event (id, year, competitionID, locationID)
VALUES (1598, '2018', 108, 229);
INSERT INTO DRL_event (id, year, competitionID, locationID)
VALUES (1599, '2018', 125, 161);
INSERT INTO DRL_event (id, year, competitionID, locationID)
VALUES (1600, '2018', 145, 245);
INSERT INTO DRL_event (id, year, competitionID, locationID)
VALUES (1601, '2018', 102, 9);
INSERT INTO DRL_event (id, year, competitionID, locationID)
VALUES (1602, '2018', 96, 22);
INSERT INTO DRL_event (id, year, competitionID, locationID)
VALUES (1603, '2018', 110, 114);
INSERT INTO DRL_event (id, year, competitionID, locationID)
VALUES (1604, '2018', 112, 71);
INSERT INTO DRL_event (id, year, competitionID, locationID)
VALUES (1605, '2018', 90, 6);
INSERT INTO DRL_event (id, year, competitionID, locationID)
VALUES (1606, '2018', 129, 228);
INSERT INTO DRL_event (id, year, competitionID, locationID)
VALUES (1607, '2018', 19, 26);
INSERT INTO DRL_event (id, year, competitionID, locationID)
VALUES (1608, '2018', 54, 85);
INSERT INTO DRL_event (id, year, competitionID, locationID)
VALUES (1609, '2018', 99, 171);
INSERT INTO DRL_event (id, year, competitionID, locationID)
VALUES (1610, '2018', 123, 222);
INSERT INTO DRL_event (id, year, competitionID, locationID)
VALUES (1611, '2018', 5, 66);
INSERT INTO DRL_event (id, year, competitionID, locationID)
VALUES (1612, '2018', 131, 234);
INSERT INTO DRL_event (id, year, competitionID, locationID)
VALUES (1613, '2018', 51, 82);
INSERT INTO DRL_event (id, year, competitionID, locationID)
VALUES (1614, '2018', 55, 87);
INSERT INTO DRL_event (id, year, competitionID, locationID)
VALUES (1615, '2018', 116, 212);
INSERT INTO DRL_event (id, year, competitionID, locationID)
VALUES (1616, '2018', 155, 272);
INSERT INTO DRL_event (id, year, competitionID, locationID)
VALUES (1617, '2018', 160, 279);
INSERT INTO DRL_event (id, year, competitionID, locationID)
VALUES (1618, '2018', 128, 227);
INSERT INTO DRL_event (id, year, competitionID, locationID)
VALUES (1619, '2018', 42, 76);
INSERT INTO DRL_event (id, year, competitionID, locationID)
VALUES (1620, '2018', 40, 74);
INSERT INTO DRL_event (id, year, competitionID, locationID)
VALUES (1621, '2018', 41, 75);
INSERT INTO DRL_event (id, year, competitionID, locationID)
VALUES (1622, '2018', 44, 233);
INSERT INTO DRL_event (id, year, competitionID, locationID)
VALUES (1623, '2018', 76, 87);
INSERT INTO DRL_event (id, year, competitionID, locationID)
VALUES (1624, '2018', 71, 124);
INSERT INTO DRL_event (id, year, competitionID, locationID)
VALUES (1625, '2018', 52, 83);
INSERT INTO DRL_event (id, year, competitionID, locationID)
VALUES (1626, '2018', 134, 239);
INSERT INTO DRL_event (id, year, competitionID, locationID)
VALUES (1627, '2018', 124, 46);
INSERT INTO DRL_event (id, year, competitionID, locationID)
VALUES (1628, '2018', 14, 18);
INSERT INTO DRL_event (id, year, competitionID, locationID)
VALUES (1629, '2018', 135, 59);
INSERT INTO DRL_event (id, year, competitionID, locationID)
VALUES (1630, '2018', 137, 59);
INSERT INTO DRL_event (id, year, competitionID, locationID)
VALUES (1631, '2018', 29, 49);
INSERT INTO DRL_event (id, year, competitionID, locationID)
VALUES (1632, '2018', 39, 227);
INSERT INTO DRL_event (id, year, competitionID, locationID)
VALUES (1633, '2018', 144, 243);
INSERT INTO DRL_event (id, year, competitionID, locationID)
VALUES (1634, '2018', 105, 251);
INSERT INTO DRL_event (id, year, competitionID, locationID)
VALUES (1635, '2018', 130, 229);
INSERT INTO DRL_event (id, year, competitionID, locationID)
VALUES (1636, '2018', 69, 117);
INSERT INTO DRL_event (id, year, competitionID, locationID)
VALUES (1637, '2018', 143, 142);
INSERT INTO DRL_event (id, year, competitionID, locationID)
VALUES (1638, '2018', 82, 144);
INSERT INTO DRL_event (id, year, competitionID, locationID)
VALUES (1639, '2019', 72, 125);
INSERT INTO DRL_event (id, year, competitionID, locationID)
VALUES (1640, '2019', 74, 144);
INSERT INTO DRL_event (id, year, competitionID, locationID)
VALUES (1641, '2019', 48, 195);
INSERT INTO DRL_event (id, year, competitionID, locationID)
VALUES (1642, '2019', 47, 197);
INSERT INTO DRL_event (id, year, competitionID, locationID)
VALUES (1643, '2019', 148, 222);
INSERT INTO DRL_event (id, year, competitionID, locationID)
VALUES (1645, '2019', 125, 68);
INSERT INTO DRL_event (id, year, competitionID, locationID)
VALUES (1646, '2019', 108, 7);
INSERT INTO DRL_event (id, year, competitionID, locationID)
VALUES (1647, '2019', 64, 259);
INSERT INTO DRL_event (id, year, competitionID, locationID)
VALUES (1648, '2019', 96, 239);
INSERT INTO DRL_event (id, year, competitionID, locationID)
VALUES (1649, '2019', 100, 55);
INSERT INTO DRL_event (id, year, competitionID, locationID)
VALUES (1650, '2019', 110, 186);
INSERT INTO DRL_event (id, year, competitionID, locationID)
VALUES (1651, '2019', 90, 156);
INSERT INTO DRL_event (id, year, competitionID, locationID)
VALUES (1652, '2019', 129, 228);
INSERT INTO DRL_event (id, year, competitionID, locationID)
VALUES (1653, '2019', 11, 236);
INSERT INTO DRL_event (id, year, competitionID, locationID)
VALUES (1654, '2019', 19, 26);
INSERT INTO DRL_event (id, year, competitionID, locationID)
VALUES (1655, '2019', 54, 85);
INSERT INTO DRL_event (id, year, competitionID, locationID)
VALUES (1656, '2019', 99, 171);
INSERT INTO DRL_event (id, year, competitionID, locationID)
VALUES (1657, '2019', 146, 83);
INSERT INTO DRL_event (id, year, competitionID, locationID)
VALUES (1658, '2019', 147, 83);

-- known incomplete events
INSERT INTO DRL_incomplete_competition
VALUES (1, 278);
INSERT INTO DRL_incomplete_competition
VALUES (2, 279);
INSERT INTO DRL_incomplete_competition
VALUES (3, 280);
INSERT INTO DRL_incomplete_competition
VALUES (4, 291);
INSERT INTO DRL_incomplete_competition
VALUES (5, 294);
INSERT INTO DRL_incomplete_competition
VALUES (6, 295);
INSERT INTO DRL_incomplete_competition
VALUES (7, 309);
INSERT INTO DRL_incomplete_competition
VALUES (8, 310);
INSERT INTO DRL_incomplete_competition VALUES (9, 321);
INSERT INTO DRL_incomplete_competition VALUES (10, 322);
INSERT INTO DRL_incomplete_competition VALUES (11, 323);
INSERT INTO DRL_incomplete_competition VALUES (12, 324);
INSERT INTO DRL_incomplete_competition VALUES (13, 332);
INSERT INTO DRL_incomplete_competition VALUES (14, 366);
INSERT INTO DRL_incomplete_competition VALUES (15, 393);
INSERT INTO DRL_incomplete_competition VALUES (16, 435);
INSERT INTO DRL_incomplete_competition VALUES (17, 458);
INSERT INTO DRL_incomplete_competition VALUES (18, 484);
INSERT INTO DRL_incomplete_competition VALUES (19, 495);
INSERT INTO DRL_incomplete_competition VALUES (20, 507);
INSERT INTO DRL_incomplete_competition VALUES (21, 546);
INSERT INTO DRL_incomplete_competition VALUES (22, 550);
INSERT INTO DRL_incomplete_competition VALUES (23, 732);
INSERT INTO DRL_incomplete_competition VALUES (24, 733);
INSERT INTO DRL_incomplete_competition VALUES (25, 734);
INSERT INTO DRL_incomplete_competition VALUES (26, 735);
INSERT INTO DRL_incomplete_competition VALUES (27, 899);

